<?xml version="1.0" encoding="UTF-8"?>
<window id="109">
  <defaultcontrol always="true">21</defaultcontrol>
  <allowoverlay>yes</allowoverlay>
  <animation type="WindowOpen">
    <effect type="fade" start="0" end="100" time="240" />
    <effect type="zoom" tween="cubic" easing="out" start="0" end="100" center="300,540" time="240" />
  </animation>
  <animation type="WindowClose">
    <effect type="fade" start="100" end="0" time="180" />
    <effect type="zoom" tween="cubic" easing="in" start="100" end="0" center="300,540" time="180" />
  </animation>
  <controls>
    <control type="image">
      <left>-80</left>
      <top>-80</top>
      <width>825</width>
      <height>1200</height>
      <texture border="150">images/Dialog.png</texture>
    </control>
    <control type="label" id="1">
      <description>dialog Heading</description>
      <left>105</left>
      <top>66</top>
      <width>454</width>
      <font>size36</font>
      <align>center</align>
	  <scroll>true</scroll>
    </control>
    <control type="image" description="Edit BG">
      <left>105</left>
      <top>210</top>
      <width>465</width>
      <height>75</height>
	  <include>right_listpanel_unfocused</include>
      <!--texture border="8" flipy="true">images/Buttonselect.png</texture-->
    </control>
    <control type="label" id="4" description="Edit Text">
      <left>144</left>
      <top>225</top>
      <width>375</width>
      <height>45</height>
      <font>size33</font>
      <align>center</align>
    </control>
    <control type="group">
      <left>195</left>
      <top>465</top>
      <control type="button" id="11">
        <description>1 button</description>
        <left>0</left>
        <top>0</top>
        <width>84</width>
        <height>84</height>
        <align>center</align>
        <font>size39</font>
        <label>12311</label>
        <onleft>13</onleft>
        <onright>12</onright>
        <onup>23</onup>
        <ondown>14</ondown>
      </control>
      <control type="button" id="12">
        <description>2 button</description>
        <left>90</left>
        <top>0</top>
        <width>84</width>
        <height>84</height>
        <align>center</align>
        <font>size39</font>
        <label>12312</label>
        <onleft>11</onleft>
        <onright>13</onright>
        <onup>23</onup>
        <ondown>15</ondown>
      </control>
      <control type="button" id="13">
        <description>3 button</description>
        <left>180</left>
        <top>0</top>
        <width>84</width>
        <height>84</height>
        <align>center</align>
        <font>size39</font>
        <label>12313</label>
        <onleft>12</onleft>
        <onright>11</onright>
        <onup>23</onup>
        <ondown>16</ondown>
      </control>
      <control type="button" id="14">
        <description>4 button</description>
        <left>0</left>
        <top>90</top>
        <width>84</width>
        <height>84</height>
        <align>center</align>
        <font>size39</font>
        <label>12314</label>
        <onleft>16</onleft>
        <onright>15</onright>
        <onup>11</onup>
        <ondown>17</ondown>
      </control>
      <control type="button" id="15">
        <description>5 button</description>
        <left>90</left>
        <top>90</top>
        <width>84</width>
        <height>84</height>
        <align>center</align>
        <font>size39</font>
        <label>12315</label>
        <onleft>14</onleft>
        <onright>16</onright>
        <onup>12</onup>
        <ondown>18</ondown>
      </control>
      <control type="button" id="16">
        <description>6 button</description>
        <left>180</left>
        <top>90</top>
        <width>84</width>
        <height>84</height>
        <align>center</align>
        <font>size39</font>
        <label>12316</label>
        <onleft>15</onleft>
        <onright>14</onright>
        <onup>13</onup>
        <ondown>19</ondown>
      </control>
      <control type="button" id="17">
        <description>7 button</description>
        <left>0</left>
        <top>180</top>
        <width>84</width>
        <height>84</height>
        <align>center</align>
        <font>size39</font>
        <label>12317</label>
        <onleft>19</onleft>
        <onright>18</onright>
        <onup>14</onup>
        <ondown>20</ondown>
      </control>
      <control type="button" id="18">
        <description>8 button</description>
        <left>90</left>
        <top>180</top>
        <width>84</width>
        <height>84</height>
        <align>center</align>
        <font>size39</font>
        <label>12318</label>
        <onleft>17</onleft>
        <onright>19</onright>
        <onup>15</onup>
        <ondown>10</ondown>
      </control>
      <control type="button" id="19">
        <description>9 button</description>
        <left>180</left>
        <top>180</top>
        <width>84</width>
        <height>84</height>
        <align>center</align>
        <font>size39</font>
        <label>12319</label>
        <onleft>18</onleft>
        <onright>17</onright>
        <onup>16</onup>
        <ondown>22</ondown>
      </control>
      <control type="button" id="20">
        <description>prev button</description>
        <left>0</left>
        <top>270</top>
        <width>84</width>
        <height>84</height>
        <label>&lt;</label>
        <font>size39</font>
        <align>center</align>
        <onleft>22</onleft>
        <onright>10</onright>
        <onup>17</onup>
        <ondown>21</ondown>
      </control>
      <control type="button" id="10">
        <description>0 button</description>
        <left>90</left>
        <top>270</top>
        <width>84</width>
        <height>84</height>
        <align>center</align>
        <font>size39</font>
        <label>12310</label>
        <onleft>20</onleft>
        <onright>22</onright>
        <onup>18</onup>
        <ondown>21</ondown>
      </control>
      <control type="button" id="22">
        <description>next button</description>
        <left>180</left>
        <top>270</top>
        <width>84</width>
        <height>84</height>
        <label>&gt;</label>
        <font>size39</font>
        <align>center</align>
        <onleft>10</onleft>
        <onright>20</onright>
        <onup>19</onup>
        <ondown>21</ondown>
      </control>
    </control>
    <control type="button" id="23">
      <description>Backspace button</description>
      <left>165</left>
      <top>345</top>
      <width>330</width>
      <align>center</align>
      <font>size33</font>
      <textwidth>285</textwidth>
      <label>$LOCALIZE[20181]</label>
      <onleft>13</onleft>
      <onright>11</onright>
      <onup>21</onup>
      <ondown>12</ondown>
      <!--texturenofocus border="8">images/Black.png</texturenofocus-->
    </control>
    <control type="button" id="21">
      <description>Done button</description>
      <left>165</left>
      <top>855</top>
      <width>330</width>
      <align>center</align>
      <font>size33</font>
      <textwidth>285</textwidth>
      <label>[UPPERCASE]$LOCALIZE[20177][/UPPERCASE]</label>
      <onleft>19</onleft>
      <onright>17</onright>
      <onup>10</onup>
      <ondown>23</ondown>
      <!--texturenofocus border="8">images/Black.png</texturenofocus-->
    </control>
  </controls>
</window>
