<?xml version="1.0" encoding="UTF-8"?>
<window id="106">
  <defaultcontrol always="true">996</defaultcontrol>
  <allowoverlay>no</allowoverlay>
  <include>DialogOpenClose</include>
  <coordinates>
    <system>1</system>
    <origin x="0" y="50" />
  </coordinates>
  <controls>
    <control type="image" id="999" description="Background image">
      <centerleft>960</centerleft>
      <height>1080</height>
      <width>620</width>
      <texture border="50">images/ContextMenu.png</texture>
    </control>
    <control type="grouplist" id="996" description="Context menu container">
      <centerleft>960</centerleft>
      <centertop>540</centertop>
      <width>480</width>
      <height>960</height>
      <itemgap>10</itemgap>
	  <control type="button" id="1500">
	  <visible>System.HasAddon(script.cinema.experience) + Container.Content(Movies)</visible>
      <width>480</width>
      <height>60</height>
	  <label>31061</label>
	  <onclick>XBMC.RunScript(script.cinema.experience)</onclick>
	</control>
	<control type="button" id="1501">
	  <visible>Skin.HasSetting(ViewsMenuOff)</visible>	
	  <!--visible>Container.Content(Movies)</visible-->
	  <width>480</width>
	  <height>60</height>
	  <label>$LOCALIZE[24140]: $INFO[Container.Viewmode]</label>
	  <onclick>Container.NextViewMode</onclick>
	</control>			
    </control>
    <control type="button" id="1000" description="Buttons">
      <animation effect="zoom" time="120" start="100" end="110" center="auto" tween="Back" easing="Out">Focus</animation>
      <width>480</width>
      <height>60</height>
    </control>
  </controls>
</window>
