<?xml version="1.0" encoding="UTF-8"?>
<window id="3">
  <backgroundcolor>Background</backgroundcolor>
  <defaultcontrol always="true">20</defaultcontrol>
  <allowoverlay>no</allowoverlay>
  <include>OpenClose</include>
  <controls>
    <include>Background</include>
    <include>Header</include>
    <control type="label" description="Heading">
      <include>Heading</include>
      <label>7</label>
    </control>
    <!--control type="image" description="Line Splitter">
      <left>960</left>
      <top>150</top>
      <height>930</height>
      <width>1</width>
      <texture>images/LineV.png</texture>
    </control-->
    <control type="group" description="Left panel">
      <width>960</width>
      <top>40</top>
      <!--<animation condition="!Control.HasFocus(20)" effect="fade" start="100" end="50" time="20" reversible="true">Conditional</animation>-->
      <control type="label" id="101" description="Header Label">
        <left>45</left>
        <width>900</width>
        <align>left</align>
        <label>-</label>
        <font>font30</font>
        <haspath>true</haspath>
        <textcolor>selectedtext</textcolor>
      </control>
      <control type="panel" id="20" description="Left File List">
        <left>0</left>
        <top>126</top>
        <width>960</width>
        <height>850</height>
        <onleft>60</onleft>
        <onright>21</onright>
        <onup>20</onup>
        <ondown>20</ondown>
        <pagecontrol>60</pagecontrol>
        <itemlayout height="70" width="960">
          <control type="group">
            <left>90</left>
            <control type="image">
              <height>60</height>
              <width>840</width>
              <include>right_listpanel_unfocused</include>
            </control>
            <control type="label">
              <right>200</right>
              <width>645</width>
              <height>60</height>
              <font>font26</font>
              <aligny>center</aligny>
              <textcolor>White</textcolor>
              <selectedcolor>Yellow</selectedcolor>
              <info>ListItem.Label</info>
            </control>
            <control type="label">
              <right>40</right>
              <height>60</height>
              <width>150</width>
              <font>font27</font>
              <align>right</align>
              <aligny>center</aligny>
              <textcolor>dimgray</textcolor>
              <info>ListItem.Label2</info>
            </control>
          </control>
        </itemlayout>
        <focusedlayout height="70" width="960">
          <control type="group">
            <left>90</left>
            <animation effect="zoom" time="120" start="100" end="105" center="450,30" tween="Back" easing="Out">Focus</animation>
            <control type="image">
              <visible>Control.HasFocus(20)</visible>
              <top>12</top>
              <left>-20</left>
              <height>60</height>
              <width>870</width>
              <include>right_listpanel_focused_shadow</include>
            </control>
            <control type="image">
              <visible>Control.HasFocus(20)</visible>
              <height>60</height>
              <width>830</width>
              <include>right_listpanel_focused</include>
            </control>
            <control type="label">
              <right>200</right>
              <width>645</width>
              <height>60</height>
              <font>font26</font>
              <aligny>center</aligny>
              <textcolor>White</textcolor>
              <selectedcolor>Yellow</selectedcolor>
              <info>ListItem.Label</info>
            </control>
            <control type="label">
              <right>50</right>
              <height>60</height>
              <width>150</width>
              <font>font27</font>
              <align>right</align>
              <aligny>center</aligny>
              <textcolor>dimgray</textcolor>
              <info>ListItem.Label2</info>
            </control>
          </control>
        </focusedlayout>
      </control>
      <control type="label" id="12" description="itemcount">
        <left>45</left>
        <top>40</top>
        <width>480</width>
        <align>left</align>
        <font>font26</font>
        <textcolor>Grey</textcolor>
        <label>-</label>
      </control>
    </control>
    <control type="group" description="Right panel">
      <left>960</left>
      <top>40</top>
      <!--<animation condition="!Control.HasFocus(21)" effect="fade" start="100" end="60" time="20" reversible="true">Conditional</animation>-->
      <control type="label" id="102" description="Right Header Label">
        <right>45</right>
        <width>900</width>
        <align>right</align>
        <label>-</label>
        <font>font30</font>
        <haspath>true</haspath>
        <textcolor>selectedtext</textcolor>
      </control>
      <control type="panel" id="21" description="Right File List">
        <left>0</left>
        <top>126</top>
        <width>960</width>
        <height>850</height>
        <onleft>20</onleft>
        <onright>61</onright>
        <onup>21</onup>
        <ondown>21</ondown>
        <pagecontrol>61</pagecontrol>
        <itemlayout height="70" width="960">
          <control type="group">
            <left>30</left>
            <control type="image">
              <height>60</height>
              <width>840</width>
              <include>right_listpanel_unfocused</include>
            </control>
            <control type="label">
              <left>170</left>
              <width>645</width>
              <height>60</height>
              <font>font26</font>
              <align>right</align>
              <aligny>center</aligny>
              <textcolor>White</textcolor>
              <info>ListItem.Label</info>
            </control>
            <control type="label">
              <left>10</left>
              <height>60</height>
              <width>150</width>
              <font>font27</font>
              <aligny>center</aligny>
              <textcolor>dimgray</textcolor>
              <info>ListItem.Label2</info>
            </control>
          </control>
        </itemlayout>
        <focusedlayout height="70" width="960">
          <control type="group">
            <left>30</left>
            <animation effect="zoom" time="120" start="100" end="105" center="310,30" tween="Back" easing="Out">Focus</animation>
            <control type="image">
              <visible>Control.HasFocus(21)</visible>
              <top>12</top>
              <left>-20</left>
              <height>60</height>
              <width>870</width>
              <include>right_listpanel_focused_shadow</include>
            </control>
            <control type="image">
              <visible>Control.HasFocus(21)</visible>
              <height>60</height>
              <width>830</width>
              <include>right_listpanel_focused</include>
            </control>
            <control type="label">
              <left>170</left>
              <width>645</width>
              <height>60</height>
              <font>font26</font>
              <align>right</align>
              <aligny>center</aligny>
              <textcolor>White</textcolor>
              <info>ListItem.Label</info>
            </control>
            <control type="label">
              <left>10</left>
              <height>60</height>
              <width>150</width>
              <font>font27</font>
              <aligny>center</aligny>
              <textcolor>dimgray</textcolor>
              <info>ListItem.Label2</info>
            </control>
          </control>
        </focusedlayout>
      </control>
      <control type="label" id="13" description="itemcount">
        <right>50</right>
        <top>40</top>
        <width>480</width>
        <align>right</align>
        <font>font26</font>
        <textcolor>Grey</textcolor>
        <label>-</label>
      </control>
    </control>
    <control type="scrollbar" id="60">
	  <visible>Skin.HasSetting(Scrollbars_Active)</visible>
      <left>50</left>
      <top>175</top>
      <height>810</height>
      <onleft>20</onleft>
      <onright>20</onright>
    </control>
    <control type="scrollbar" id="61">
	  <visible>Skin.HasSetting(Scrollbars_Active)</visible>
      <right>50</right>
      <top>175</top>
      <height>810</height>
      <onleft>21</onleft>
      <onright>21</onright>
    </control>
  </controls>
</window>
