<?xml version="1.0" encoding="UTF-8"?>
<includes>
    <include name="CoverflowThumb">
        <posx>54</posx>
        <posy>-12</posy>
        <width>300</width>
        <height>421</height>
        <align>center</align>
        <aspectratio scalediffuse="false">scale</aspectratio>
		<!--bordertexture border="20" colordiffuse="black">diffuse/poster_shadow.png</bordertexture-->
		<borderfont>20</borderfont>
    </include>
    <include name="CoverflowThumbMain">
         <posx>54</posx>
        <posy>-12</posy>
        <width>300</width>
        <height>421</height>
        <align>center</align>
        <aspectratio scalediffuse="false">scale</aspectratio>
		<!--bordertexture border="20" colordiffuse="black">diffuse/poster_shadow.png</bordertexture-->
		<borderfont>20</borderfont>
    </include>	
	
	<include name="CoverflowThumbsLayout">	
		<!-- On Next -->
		<control type="group" id="6001">
			<posy>550</posy>
			<camera x="960" y="750" />
			<visible>Control.IsVisible(501) + Container.OnNext + !Skin.HasSetting(flattenshowcase)</visible>
			<animation effect="slide" end="-135,0" time="250" reversible="false">Hidden</animation>
			<control type="group">
				<!-- -7 Fade Out-->
				<posx>15</posx>
				<visible>Container.OnNext</visible>
				<animation effect="fade" start="100" end="0" time="250" tween="cubic" easing="out" reversible="false">Hidden</animation>
				<animation effect="rotatey" center="-135" start="-55" end="-55" time="0" condition="true">Conditional</animation>
				<control type="group">
					<control type="image">
						<include>CoverflowThumb</include>
						<texture background="true" diffuse="images/DiffuseMovie.png" fallback="DefaultVideoCover.png">$VAR[CoverflowItem-7Var]</texture>
						<visible>Control.IsVisible(501)</visible>
					</control>
				</control>
			</control>
			<control type="group">
				<posx>150</posx>
				<animation effect="rotatey" center="0" start="-55" end="-55" time="0" condition="true">Conditional</animation>
				<control type="group">
					<control type="image">
						<include>CoverflowThumb</include>
						<texture background="true" diffuse="images/DiffuseMovie.png" fallback="DefaultVideoCover.png">$VAR[CoverflowItem-6Var]</texture>
						<visible>Control.IsVisible(501)</visible>
					</control>
				</control>
			</control>
			<control type="group">
				<posx>285</posx>
				<animation effect="rotatey" center="135" start="-55" end="-55" time="0" condition="true">Conditional</animation>
				<control type="group">
					<control type="image">
						<include>CoverflowThumb</include>
						<texture background="true" diffuse="images/DiffuseMovie.png" fallback="DefaultVideoCover.png">$VAR[CoverflowItem-5Var]</texture>
						<visible>Control.IsVisible(501)</visible>
					</control>
				</control>
			</control>
			<control type="group">
				<posx>420</posx>
				<animation effect="rotatey" center="270" start="-55" end="-55" time="0" condition="true">Conditional</animation>
				<control type="group">
					<control type="image">
						<include>CoverflowThumb</include>
						<texture background="true" diffuse="images/DiffuseMovie.png" fallback="DefaultVideoCover.png">$VAR[CoverflowItem-4Var]</texture>
						<visible>Control.IsVisible(501)</visible>
					</control>
				</control>
			</control>
			<control type="group">
				<posx>555</posx>
				<animation effect="rotatey" center="405" start="-55" end="-55" time="0" condition="true">Conditional</animation>
				<control type="group">
					<control type="image">
						<include>CoverflowThumb</include>
						<texture background="true" diffuse="images/DiffuseMovie.png" fallback="DefaultVideoCover.png">$VAR[CoverflowItem-3Var]</texture>
						<visible>Control.IsVisible(501)</visible>
					</control>
				</control>
			</control>
			<control type="group">
				<posx>690</posx>
				<animation effect="rotatey" center="540" start="-55" end="-55" time="0" condition="true">Conditional</animation>
				<control type="group">
					<control type="image">
						<include>CoverflowThumb</include>
						<texture background="true" diffuse="images/DiffuseMovie.png" fallback="DefaultVideoCover.png">$VAR[CoverflowItem-2Var]</texture>
					</control>
				</control>
			</control>
			<control type="group">
				<!-- +6 Fade In-->
				<posx>1635</posx>
				<visible>!Container.OnNext</visible>
				<animation effect="fade" start="0" end="100" delay="0" time="250" tween="cubic" easing="in" reversible="false">Visible</animation>
				<animation effect="rotatey" center="2205" start="55" end="55" time="0" condition="true">Conditional</animation>
				<control type="group">
					<control type="image">
						<include>CoverflowThumb</include>
						<texture background="true" diffuse="images/DiffuseMovie.png" fallback="DefaultVideoCover.png">$VAR[CoverflowItem6Var]</texture>
					</control>
				</control>
			</control>
			<control type="group">
				<posx>1500</posx>
				<animation effect="rotatey" center="2070" start="55" end="55" time="0" condition="true">Conditional</animation>
				<control type="group">
					<control type="image">
						<include>CoverflowThumb</include>
						<texture background="true" diffuse="images/DiffuseMovie.png" fallback="DefaultVideoCover.png">$VAR[CoverflowItem5Var]</texture>
					</control>
				</control>
			</control>
			<control type="group">
				<posx>1365</posx>
				<animation effect="rotatey" center="1935" start="55" end="55" time="0" condition="true">Conditional</animation>
				<control type="group">
					<control type="image">
						<include>CoverflowThumb</include>
						<texture background="true" diffuse="images/DiffuseMovie.png" fallback="DefaultVideoCover.png">$VAR[CoverflowItem4Var]</texture>
					</control>
				</control>
			</control>
			<control type="group">
				<posx>1230</posx>
				<animation effect="rotatey" center="1800" start="55" end="55" time="0" condition="true">Conditional</animation>
				<control type="group">
					<control type="image">
						<include>CoverflowThumb</include>
						<texture background="true" diffuse="images/DiffuseMovie.png" fallback="DefaultVideoCover.png">$VAR[CoverflowItem3Var]</texture>
					</control>
				</control>
			</control>
			<control type="group">
				<posx>1095</posx>
				<animation effect="rotatey" center="1665" start="55" end="55" time="0" condition="true">Conditional</animation>
				<control type="group">
					<control type="image">
						<include>CoverflowThumb</include>
						<texture background="true" diffuse="images/DiffuseMovie.png" fallback="DefaultVideoCover.png">$VAR[CoverflowItem2Var]</texture>
					</control>
				</control>
			</control>
			<control type="group">
				<posx>960</posx>
				<animation effect="rotatey" center="1530" start="55" end="55" time="0" condition="true">Conditional</animation>
				<control type="group">
					<control type="image">
						<include>CoverflowThumb</include>
						<texture background="true" diffuse="images/DiffuseMovie.png" fallback="DefaultVideoCover.png">$VAR[CoverflowItem1Var]</texture>
					</control>
				</control>
			</control>
			<control type="group">
				<visible>Container.OnNext</visible>
				<animation effect="slide" end="75,0" time="250" reversible="false">Hidden</animation>
				<control type="group">
					<posx>825</posx>
					<visible>Container.OnNext</visible>
					<animation effect="rotatey" center="1395" start="0" end="-55" time="250" reversible="false" tween="quadratic" easing="in">Hidden</animation>
					<animation effect="rotatey" center="1395" start="55" end="55" time="0" condition="true">Conditional</animation>
					<control type="group">
						<control type="image">
							<include>CoverflowThumb</include>
							<texture background="true" diffuse="images/DiffuseMovie.png" fallback="DefaultVideoCover.png">$VAR[CoverflowItem0Var]</texture>
						</control>
					</control>
				</control>
				<control type="group">
					<posx>758</posx>
					<visible>Container.OnNext</visible>
					<animation effect="rotatey" center="608" start="0" end="-55" time="250" reversible="false" tween="quadratic" easing="out">Hidden</animation>
					<control type="group">
						<control type="image">
							<include>CoverflowThumb</include>
							<texture background="true" diffuse="images/DiffuseMovie.png" fallback="DefaultVideoCover.png">$VAR[CoverflowItem-1Var]</texture>
						</control>
					</control>
				</control>
			</control>
		</control>
		<!-- On Previous-->
		<control type="group" id="6002">
			<posy>550</posy>
			<camera x="960" y="750" />
			<visible>Control.IsVisible(501) + Container.OnPrevious</visible>
			<animation effect="slide" end="135,0" time="250" reversible="false">Hidden</animation>
			<control type="group">
				<!-- +7 Fade out-->
				<posx>1500</posx>
				<visible>Container.OnPrevious</visible>
				<animation effect="fade" start="100" end="0" time="250" tween="cubic" easing="out" reversible="false">Hidden</animation>
				<animation effect="rotatey" center="2070" start="55" end="55" time="0" condition="true">Conditional</animation>
				<control type="group">
					<control type="image">
						<include>CoverflowThumb</include>
						<texture background="true" diffuse="images/DiffuseMovie.png" fallback="DefaultVideoCover.png">$VAR[CoverflowItem7Var]</texture>
					</control>										
				</control>
			</control>
			<control type="group">
				<posx>1365</posx>
				<animation effect="rotatey" center="1935" start="55" end="55" time="0" condition="true">Conditional</animation>
				<control type="group">
					<control type="image">
						<include>CoverflowThumb</include>
						<texture background="true" diffuse="images/DiffuseMovie.png" fallback="DefaultVideoCover.png">$VAR[CoverflowItem6Var]</texture>
					</control>
				</control>
			</control>
			<control type="group">
				<posx>1230</posx>
				<animation effect="rotatey" center="1800" start="55" end="55" time="0" condition="true">Conditional</animation>
				<control type="group">
					<control type="image">
						<include>CoverflowThumb</include>
						<texture background="true" diffuse="images/DiffuseMovie.png" fallback="DefaultVideoCover.png">$VAR[CoverflowItem5Var]</texture>
					</control>
				</control>
			</control>
			<control type="group">
				<posx>1095</posx>
				<animation effect="rotatey" center="1665" start="55" end="55" time="0" condition="true">Conditional</animation>
				<control type="group">
					<control type="image">
						<include>CoverflowThumb</include>
						<texture background="true" diffuse="images/DiffuseMovie.png" fallback="DefaultVideoCover.png">$VAR[CoverflowItem4Var]</texture>
					</control>
				</control>
			</control>
			<control type="group">
				<posx>960</posx>
				<animation effect="rotatey" center="1530" start="55" end="55" time="0" condition="true">Conditional</animation>
				<control type="group">
					<control type="image">
						<include>CoverflowThumb</include>
						<texture background="true" diffuse="images/DiffuseMovie.png" fallback="DefaultVideoCover.png">$VAR[CoverflowItem3Var]</texture>
					</control>
				</control>
			</control>
			<control type="group">
				<posx>825</posx>
				<animation effect="rotatey" center="1395" start="55" end="55" time="0" condition="true">Conditional</animation>
				<control type="group">
					<control type="image">
						<include>CoverflowThumb</include>
						<texture background="true" diffuse="images/DiffuseMovie.png" fallback="DefaultVideoCover.png">$VAR[CoverflowItem2Var]</texture>
					</control>
				</control>
			</control>
			<control type="group">
				<!-- -6 Fade In-->
				<posx>-120</posx>
				<visible>!Container.OnPrevious</visible>
				<animation effect="fade" start="0" end="100" delay="0" time="250" tween="cubic" easing="in" reversible="false">Visible</animation>
				<animation effect="rotatey" center="-270" start="-55" end="-55" time="0" condition="true">Conditional</animation>
				<control type="group">
					<control type="image">
						<include>CoverflowThumb</include>
						<texture background="true" diffuse="images/DiffuseMovie.png" fallback="DefaultVideoCover.png">$VAR[CoverflowItem-6Var]</texture>
					</control>
				</control>
			</control>
			<control type="group">
				<posx>15</posx>
				<animation effect="rotatey" center="-135" start="-55" end="-55" time="0" condition="true">Conditional</animation>
				<control type="group">
					<control type="image">
						<include>CoverflowThumb</include>
						<texture background="true" diffuse="images/DiffuseMovie.png" fallback="DefaultVideoCover.png">$VAR[CoverflowItem-5Var]</texture>
					</control>
				</control>
			</control>
			<control type="group">
				<posx>150</posx>
				<animation effect="rotatey" center="0" start="-55" end="-55" time="0" condition="true">Conditional</animation>
				<control type="group">
					<control type="image">
						<include>CoverflowThumb</include>
						<texture background="true" diffuse="images/DiffuseMovie.png" fallback="DefaultVideoCover.png">$VAR[CoverflowItem-4Var]</texture>
					</control>
				</control>
			</control>
			<control type="group">
				<posx>285</posx>
				<animation effect="rotatey" center="135" start="-55" end="-55" time="0" condition="true">Conditional</animation>
				<control type="group">
					<control type="image">
						<include>CoverflowThumb</include>
						<texture background="true" diffuse="images/DiffuseMovie.png" fallback="DefaultVideoCover.png">$VAR[CoverflowItem-3Var]</texture>
					</control>
				</control>
			</control>
			<control type="group">
				<posx>420</posx>
				<animation effect="rotatey" center="270" start="-55" end="-55" time="0" condition="true">Conditional</animation>
				<control type="group">
					<control type="image">
						<include>CoverflowThumb</include>
						<texture background="true" diffuse="images/DiffuseMovie.png" fallback="DefaultVideoCover.png">$VAR[CoverflowItem-2Var]</texture>
					</control>
				</control>
			</control>
			<control type="group">
				<posx>555</posx>
				<animation effect="rotatey" center="405" start="-55" end="-55" time="0" condition="true">Conditional</animation>
				<control type="group">
					<control type="image">
						<include>CoverflowThumb</include>
						<texture background="true" diffuse="images/DiffuseMovie.png" fallback="DefaultVideoCover.png">$VAR[CoverflowItem-1Var]</texture>
					</control>
				</control>
			</control>
			<control type="group">
				<visible>Container.OnPrevious</visible>
				<animation effect="slide" end="-75,0" time="250" reversible="false">Hidden</animation>
				<control type="group">
					<posx>690</posx>
					<visible>Container.OnPrevious</visible>
					<animation effect="rotatey" center="540" start="0" end="55" time="250" reversible="false" tween="quadratic" easing="in">Hidden</animation>
					<animation effect="rotatey" center="540" start="-55" end="-55" time="0" condition="true">Conditional</animation>
					<control type="group">
						<control type="image">
							<include>CoverflowThumb</include>
							<texture background="true" diffuse="images/DiffuseMovie.png" fallback="DefaultVideoCover.png">$VAR[CoverflowItem0Var]</texture>
						</control>
					</control>
				</control>
				<control type="group">
					<posx>758</posx>
					<visible>Container.OnPrevious</visible>
					<animation effect="rotatey" center="1328" start="0" end="55" time="250" reversible="false" tween="quadratic" easing="out">Hidden</animation>
					<control type="group">
						<control type="image">
							<include>CoverflowThumb</include>
							<texture background="true" diffuse="images/DiffuseMovie.png" fallback="DefaultVideoCover.png">$VAR[CoverflowItem1Var]</texture>
						</control>
					</control>
				</control>
			</control>
		</control>
		<!-- No Move -->
		<control type="group" id="6000">
			<posy>550</posy>
			<animation type="Conditional" condition="Skin.HasSetting(flattenshowcase)" reversible="false">
				<effect type="fade" start="100" end="0" time="10" delay="800" tween="cubic" easing="inout" />
			</animation>
			<animation effect="fade" time="250">WindowClose</animation>
			<visible>Control.IsVisible(501) + !Control.IsVisible(6001) + !Control.IsVisible(6002)</visible>
			<camera x="960" y="750" />
			<control type="group">
				<!-- -7 Puffer -->
				<control type="group">
					<control type="image">
						<posx>-10</posx>
						<posy>-10</posy>
						<width>1</width>
						<height>1</height>
						<texture background="true" diffuse="images/DiffuseMovie.png" fallback="DefaultVideoCover.png">$VAR[CoverflowItem-7Var]</texture>
					</control>
				</control>
			</control>
			<control type="group">
				<!-- +7 Puffer -->
				<control type="group">
					<control type="image">
						<posx>-10</posx>
						<posy>-10</posy>
						<width>1</width>
						<height>1</height>
						<texture background="true" diffuse="images/DiffuseMovie.png" fallback="DefaultVideoCover.png">$VAR[CoverflowItem7Var]</texture>
					</control>
				</control>
			</control>
			<control type="group">
				<!-- -6 -->
				<posx>15</posx>
				<animation effect="rotatey" center="-135" start="-55" end="-55" time="0" condition="true">Conditional</animation>
				<animation type="Conditional" condition="Skin.HasSetting(flattenshowcase)">
					<effect type="rotatey" center="-135" start="0" end="55" time="250" tween="cubic" easing="inout" />
					<effect type="slide" start="0" end="-1542" time="250" tween="cubic" easing="inout" />
				</animation>
				<control type="group">
					<control type="image">
						<include>CoverflowThumb</include>
						<texture background="true" diffuse="images/DiffuseMovie.png" fallback="DefaultVideoCover.png">$VAR[CoverflowItem-6Var]</texture>
					</control>
				</control>
			</control>
			<control type="group">
				<!-- -5 -->
				<posx>150</posx>
				<animation effect="rotatey" center="0" start="-55" end="-55" time="0" condition="true">Conditional</animation>
				<animation type="Conditional" condition="Skin.HasSetting(flattenshowcase)">
					<effect type="rotatey" center="0" start="0" end="55" time="250" tween="cubic" easing="inout" />
					<effect type="slide" start="0" end="-1299" time="250" tween="cubic" easing="inout" />
				</animation>
				<control type="group">
					<control type="image">
						<include>CoverflowThumb</include>
						<texture background="true" diffuse="images/DiffuseMovie.png" fallback="DefaultVideoCover.png">$VAR[CoverflowItem-5Var]</texture>
					</control>
				</control>
			</control>
			<control type="group">
				<!-- -4 -->
				<posx>285</posx>
				<animation effect="rotatey" center="135" start="-55" end="-55" time="0" condition="true">Conditional</animation>
				<animation type="Conditional" condition="Skin.HasSetting(flattenshowcase)">
					<effect type="rotatey" center="135" start="0" end="55" time="250" tween="cubic" easing="inout" />
					<effect type="slide" start="0" end="-1056" time="250" tween="cubic" easing="inout" />
				</animation>
				<control type="group">
					<control type="image">
						<include>CoverflowThumb</include>
						<texture background="true" diffuse="images/DiffuseMovie.png" fallback="DefaultVideoCover.png">$VAR[CoverflowItem-4Var]</texture>
					</control>
				</control>
			</control>
			<control type="group">
				<!-- -3 -->
				<posx>420</posx>
				<animation effect="rotatey" center="270" start="-55" end="-55" time="0" condition="true">Conditional</animation>
				<animation type="Conditional" condition="Skin.HasSetting(flattenshowcase)">
					<effect type="rotatey" center="270" start="0" end="55" time="250" tween="cubic" easing="inout" />
					<effect type="slide" start="0" end="-472" time="250" tween="cubic" easing="inout" />
				</animation>
				<control type="group">
					<control type="image">
						<include>CoverflowThumb</include>
						<texture background="true" diffuse="images/DiffuseMovie.png" fallback="DefaultVideoCover.png">$VAR[CoverflowItem-3Var]</texture>
					</control>
				</control>
			</control>
			<control type="group">
				<!-- -2 -->
				<posx>555</posx>
				<animation effect="rotatey" center="405" start="-55" end="-55" time="0" condition="true">Conditional</animation>
				<animation type="Conditional" condition="Skin.HasSetting(flattenshowcase)">
					<effect type="rotatey" center="405" start="0" end="55" time="250" tween="cubic" easing="inout" />
					<effect type="slide" start="0" end="-337" time="250" tween="cubic" easing="inout" />
				</animation>
				<control type="group">
					<control type="image">
						<include>CoverflowThumb</include>
						<texture background="true" diffuse="images/DiffuseMovie.png" fallback="DefaultVideoCover.png">$VAR[CoverflowItem-2Var]</texture>
					</control>
				</control>
			</control>
			<control type="group">
				<!-- -1 -->
				<posx>691</posx>
				<!-- add +1 -->
				<animation effect="rotatey" center="540" start="-55" end="-55" time="0" condition="true">Conditional</animation>
				<animation type="Conditional" condition="Skin.HasSetting(flattenshowcase)">
					<effect type="rotatey" center="540" start="0" end="55" time="250" tween="cubic" easing="inout" />
					<effect type="slide" start="0" end="-202" time="250" tween="cubic" easing="inout" />
				</animation>
				<control type="group">
					<control type="image">
						<include>CoverflowThumb</include>
						<texture background="true" diffuse="images/DiffuseMovie.png" fallback="DefaultVideoCover.png">$VAR[CoverflowItem-1Var]</texture>
					</control>
				</control>
			</control>
			<control type="group">
				<!-- +6 -->
				<posx>1500</posx>
				<animation effect="rotatey" center="2070" start="55" end="55" time="0" condition="true">Conditional</animation>
				<animation type="Conditional" condition="Skin.HasSetting(flattenshowcase)">
					<effect type="rotatey" center="2070" start="0" end="-55" time="250" tween="cubic" easing="inout" />
					<effect type="slide" start="0" end="1542" time="250" tween="cubic" easing="inout" />
				</animation>
				<control type="group">
					<control type="image">
						<include>CoverflowThumb</include>
						<texture background="true" diffuse="images/DiffuseMovie.png" fallback="DefaultVideoCover.png">$VAR[CoverflowItem6Var]</texture>
					</control>
				</control>
			</control>
			<control type="group">
				<!-- +5 -->
				<posx>1365</posx>
				<animation effect="rotatey" center="1935" start="55" end="55" time="0" condition="true">Conditional</animation>
				<animation type="Conditional" condition="Skin.HasSetting(flattenshowcase)">
					<effect type="rotatey" center="1935" start="0" end="-55" time="250" tween="cubic" easing="inout" />
					<effect type="slide" start="0" end="1299" time="250" tween="cubic" easing="inout" />
				</animation>
				<control type="group">
					<control type="image">
						<include>CoverflowThumb</include>
						<texture background="true" diffuse="images/DiffuseMovie.png" fallback="DefaultVideoCover.png">$VAR[CoverflowItem5Var]</texture>
					</control>
				</control>
			</control>
			<control type="group">
				<!-- +4 -->
				<posx>1230</posx>
				<animation effect="rotatey" center="1800" start="55" end="55" time="0" condition="true">Conditional</animation>
				<animation type="Conditional" condition="Skin.HasSetting(flattenshowcase)">
					<effect type="rotatey" center="1800" start="0" end="-55" time="250" tween="cubic" easing="inout" />
					<effect type="slide" start="0" end="1056" time="250" tween="cubic" easing="inout" />
				</animation>
				<control type="group">
					<control type="image">
						<include>CoverflowThumb</include>
						<texture background="true" diffuse="images/DiffuseMovie.png" fallback="DefaultVideoCover.png">$VAR[CoverflowItem4Var]</texture>
					</control>
				</control>
			</control>
			<control type="group">
				<!-- +3 -->
				<posx>1095</posx>
				<animation effect="rotatey" center="1665" start="55" end="55" time="0" condition="true">Conditional</animation>
				<animation type="Conditional" condition="Skin.HasSetting(flattenshowcase)">
					<effect type="rotatey" center="1665" start="0" end="-55" time="250" tween="cubic" easing="inout" />
					<effect type="slide" start="0" end="473" time="250" tween="cubic" easing="inout" />
				</animation>
				<control type="group">
					<control type="image">
						<include>CoverflowThumb</include>
						<texture background="true" diffuse="images/DiffuseMovie.png" fallback="DefaultVideoCover.png">$VAR[CoverflowItem3Var]</texture>
					</control>
				</control>
			</control>
			<control type="group">
				<!-- +2 -->
				<posx>960</posx>
				<animation effect="rotatey" center="1530" start="55" end="55" time="0" condition="true">Conditional</animation>
				<animation type="Conditional" condition="Skin.HasSetting(flattenshowcase)">
					<effect type="rotatey" center="1530" start="0" end="-55" time="250" tween="cubic" easing="inout" />
					<effect type="slide" start="0" end="338" time="250" tween="cubic" easing="inout" />
				</animation>
				<control type="group">
					<control type="image">
						<include>CoverflowThumb</include>
						<texture background="true" diffuse="images/DiffuseMovie.png" fallback="DefaultVideoCover.png">$VAR[CoverflowItem2Var]</texture>
					</control>
				</control>
			</control>
			<control type="group">
				<!-- +1 -->
				<posx>821</posx>
				<!-- add +1 -->
				<animation effect="rotatey" center="1395" start="55" end="55" time="0" condition="true">Conditional</animation>
				<animation type="Conditional" condition="Skin.HasSetting(flattenshowcase)">
					<effect type="rotatey" center="1395" start="0" end="-55" time="250" tween="cubic" easing="inout" />
					<effect type="slide" start="0" end="203" time="250" tween="cubic" easing="inout" />
				</animation>
				<control type="group">
					<control type="image">
						<include>CoverflowThumb</include>
						<texture background="true" diffuse="images/DiffuseMovie.png" fallback="DefaultVideoCover.png">$VAR[CoverflowItem1Var]</texture>
					</control>
				</control>
			</control>
			<control type="group">
				<!-- 0 -->
				<posx>758</posx>
				<control type="group">
					<control type="image">
						<include>CoverflowThumbMain</include>
						<texture background="true" diffuse="images/DiffuseMovie.png" fallback="DefaultVideoCover.png">$VAR[CoverflowItem0Var]</texture>
					</control>
				</control>
			</control>						
		</control>						
	</include>
<!-- CoverflowItem Icon Variables -->		
	<variable name="CoverflowItem-7Var">
		<value condition="!IsEmpty(Container.ListItem(-7).Art(poster))">$INFO[Container.ListItem(-7).Art(poster)]</value>
		<value condition="Container.Content(genres)">$INFO[Container.ListItem(-7).Label,special://skin/extras/moviegenres/,.jpg]</value>
		<value>$INFO[Container.ListItem(-7).Icon]</value>
	</variable>
	<variable name="CoverflowItem-6Var">
		<value condition="!IsEmpty(Container.ListItem(-6).Art(poster))">$INFO[Container.ListItem(-6).Art(poster)]</value>
		<value condition="Container.Content(genres)">$INFO[Container.ListItem(-6).Label,special://skin/extras/moviegenres/,.jpg]</value>
		<value>$INFO[Container.ListItem(-6).Icon]</value>
	</variable>
	<variable name="CoverflowItem-5Var">
		<value condition="!IsEmpty(ListItem(-5).Art(poster))">$INFO[ListItem(-5).Art(poster)]</value>
		<value condition="Container.Content(genres)">$INFO[ListItem(-5).Label,special://skin/extras/moviegenres/,.jpg]</value>
		<value>$INFO[ListItem(-5).Icon]</value>
	</variable>
	<variable name="CoverflowItem-4Var">
		<value condition="!IsEmpty(ListItem(-4).Art(poster))">$INFO[ListItem(-4).Art(poster)]</value>
		<value condition="Container.Content(genres)">$INFO[ListItem(-4).Label,special://skin/extras/moviegenres/,.jpg]</value>
		<value>$INFO[ListItem(-4).Icon]</value>
	</variable>
	<variable name="CoverflowItem-3Var">
		<value condition="!IsEmpty(ListItem(-3).Art(poster))">$INFO[ListItem(-3).Art(poster)]</value>
		<value condition="Container.Content(genres)">$INFO[ListItem(-3).Label,special://skin/extras/moviegenres/,.jpg]</value>
		<value>$INFO[ListItem(-3).Icon]</value>
	</variable>
	<variable name="CoverflowItem-2Var">
		<value condition="!IsEmpty(ListItem(-2).Art(poster))">$INFO[ListItem(-2).Art(poster)]</value>
		<value condition="Container.Content(genres)">$INFO[ListItem(-2).Label,special://skin/extras/moviegenres/,.jpg]</value>
		<value>$INFO[ListItem(-2).Icon]</value>
	</variable>
	<variable name="CoverflowItem-1Var">
		<value condition="!IsEmpty(ListItem(-1).Art(poster))">$INFO[ListItem(-1).Art(poster)]</value>
		<value condition="Container.Content(genres)">$INFO[ListItem(-1).Label,special://skin/extras/moviegenres/,.jpg]</value>
		<value>$INFO[ListItem(-1).Icon]</value>
	</variable>
	<variable name="CoverflowItem0Var">
		<value condition="!IsEmpty(Container.ListItem.Art(poster))">$INFO[Container.ListItem.Art(poster)]</value>
		<value condition="Container.Content(genres)">$INFO[Container.ListItem.Label,special://skin/extras/moviegenres/,.jpg]</value>
		<value>$INFO[Container.ListItem.Icon]</value>
	</variable>
	<variable name="CoverflowItem1Var">
		<value condition="!IsEmpty(ListItem(1).Art(poster))">$INFO[ListItem(1).Art(poster)]</value>
		<value condition="Container.Content(genres)">$INFO[ListItem(1).Label,special://skin/extras/moviegenres/,.jpg]</value>
		<value>$INFO[ListItem(1).Icon]</value>
	</variable>
	<variable name="CoverflowItem2Var">
		<value condition="!IsEmpty(ListItem(2).Art(poster))">$INFO[ListItem(2).Art(poster)]</value>
		<value condition="Container.Content(genres)">$INFO[ListItem(2).Label,special://skin/extras/moviegenres/,.jpg]</value>
		<value>$INFO[ListItem(2).Icon]</value>
	</variable>
	<variable name="CoverflowItem3Var">
		<value condition="!IsEmpty(ListItem(3).Art(poster))">$INFO[ListItem(3).Art(poster)]</value>
		<value condition="Container.Content(genres)">$INFO[ListItem(3).Label,special://skin/extras/moviegenres/,.jpg]</value>
		<value>$INFO[ListItem(3).Icon]</value>
	</variable>
	<variable name="CoverflowItem4Var">
		<value condition="!IsEmpty(ListItem(4).Art(poster))">$INFO[ListItem(4).Art(poster)]</value>
		<value condition="Container.Content(genres)">$INFO[ListItem(4).Label,special://skin/extras/moviegenres/,.jpg]</value>
		<value>$INFO[ListItem(4).Icon]</value>
	</variable>
	<variable name="CoverflowItem5Var">
		<value condition="!IsEmpty(ListItem(5).Art(poster))">$INFO[ListItem(5).Art(poster)]</value>
		<value condition="Container.Content(genres)">$INFO[ListItem(5).Label,special://skin/extras/moviegenres/,.jpg]</value>
		<value>$INFO[ListItem(5).Icon]</value>
	</variable>
	<variable name="CoverflowItem6Var">
		<value condition="!IsEmpty(ListItem(6).Art(poster))">$INFO[ListItem(6).Art(poster)]</value>
		<value condition="Container.Content(genres)">$INFO[ListItem(6).Label,special://skin/extras/moviegenres/,.jpg]</value>
		<value>$INFO[ListItem(6).Icon]</value>
	</variable>
	<variable name="CoverflowItem7Var">
		<value condition="!IsEmpty(ListItem(7).Art(poster))">$INFO[ListItem(7).Art(poster)]</value>
		<value condition="Container.Content(genres)">$INFO[ListItem(7).Label,special://skin/extras/moviegenres/,.jpg]</value>
		<value>$INFO[ListItem(7).Icon]</value>
	</variable>
	<variable name="CoverflowItem8Var">
		<value condition="!IsEmpty(ListItem(8).Art(poster))">$INFO[ListItem(8).Art(poster)]</value>
		<value condition="Container.Content(genres)">$INFO[ListItem(8).Label,special://skin/extras/moviegenres/,.jpg]</value>
		<value>$INFO[ListItem(8).Icon]</value>
	</variable>
	<variable name="CoverflowItem9Var">
		<value condition="!IsEmpty(ListItem(9).Art(poster))">$INFO[ListItem(9).Art(poster)]</value>
		<value condition="Container.Content(genres)">$INFO[ListItem(9).Label,special://skin/extras/moviegenres/,.jpg]</value>
		<value>$INFO[ListItem(9).Icon]</value>
	</variable>	
</includes>