<?xml version="1.0" encoding="UTF-8"?>
<includes>
    <include file="Includes_Variables.xml" />
    <include file="Defaults.xml" />
    <include file="CommonViews.xml" />
    <include file="Videoviews.xml" />
    <include file="Musicviews.xml" />
    <include file="Programviews.xml" />
    <include file="Includes_Home.xml" />
    <include file="Includes_Shelf.xml" />	
    <include file="Includes_Coverflow.xml" />
    <include file="Includes_3dwall.xml" />	
	<include file="script-skinshortcuts-includes.xml" />
    <include name="VisibleFade">
        <animation effect="fade" start="0" end="100" time="150">VisibleChange</animation>
    </include>
    <include name="OpenClose">
        <animation effect="fade" time="120">WindowOpen</animation>
        <animation effect="fade" time="320">WindowClose</animation>
    </include>    
	<include name="HomeOpenClose">
		<animation type="WindowOpen">
		 <effect type="fade" start="0" end="100" time="100"/>
		 <effect type="zoom" start="150" end="100" center="1000,1000" time="450" tween="circle" easing="out"/>
		</animation>
    </include>
    <include name="DialogOpenClose">
        <animation type="WindowOpen">
            <effect type="fade" start="0" end="100" time="200" />
            <effect type="zoom" tween="cubic" easing="out" start="30" end="100" center="960,540" time="200" />
        </animation>
        <animation type="WindowClose">
            <effect type="fade" start="100" end="0" time="140" />
            <effect type="zoom" tween="cubic" easing="in" start="100" end="30" center="960,540" time="140" />
        </animation>
    </include>
    <include name="DialogOpenCloseVisible">
        <animation type="Visible">
            <effect type="fade" start="0" end="100" time="200" />
            <effect type="zoom" tween="cubic" easing="out" start="30" end="100" center="960,340" time="200" />
        </animation>
        <animation type="Hidden">
            <effect type="fade" start="100" end="0" time="140" />
            <effect type="zoom" tween="cubic" easing="in" start="100" end="30" center="960,340" time="140" />
        </animation>
    </include>
    <include name="Fanart_Fade">
        <fadetime>320</fadetime>
        <animation effect="fade" time="320">Visible</animation>
        <animation effect="fade" time="280">Hidden</animation>
    </include>
    <include name="Icon_Fade">
        <fadetime>200</fadetime>
        <animation effect="fade" time="200">Visible</animation>
        <animation effect="fade" time="100">Hidden</animation>
    </include>
    <include name="HiddenButton">
        <left>-30</left>
        <top>-30</top>
        <width>1</width>
        <height>1</height>
        <label>-</label>
        <texturenofocus>-</texturenofocus>
        <texturefocus>-</texturefocus>
    </include>
    <include name="Heading">
        <control type="label">
			<top>76</top>
			<width>1920</width>
			<height>35</height>
			<font>font45B</font>
			<textcolor>$VAR[heading]</textcolor>
			<shadowcolor>-</shadowcolor>
			<align>center</align>
			<scroll>false</scroll>
			<label>$VAR[RootLabel]</label>
		</control>
    </include>    
	<include name="Heading2">
			<top>76</top>
			<width>1920</width>
			<height>35</height>
			<font>font45B</font>
			<textcolor>$VAR[heading]</textcolor>
			<shadowcolor>-</shadowcolor>
			<align>center</align>
			<scroll>false</scroll>
			<label>$VAR[RootLabel]</label>
    </include>
    <include name="HeadingL">
        <left>60</left>
        <top>20</top>
        <align>left</align>
        <aligny>center</aligny>
        <width>1260</width>
        <height>45</height>
        <textcolor>dimgray</textcolor>
        <font>font42</font>
    </include>
    <include name="HeadingR">
        <left>960</left>
        <top>60</top>
        <width>930</width>
        <height>75</height>
        <align>center</align>
        <aligny>bottom</aligny>
        <textcolor>textcolor2</textcolor>
        <font>font42</font>
    </include>
    <include name="Dimensions_Fullscreen">
        <left>0</left>
        <top>0</top>
        <width>1920</width>
        <height>1080</height>
    </include>
    <include name="Header">
        <control type="group">
            <visible>![Window.IsActive(home) | Window.IsActive(LoginScreen.xml)]</visible>
            <control type="label" description="Clock other windows">
                <visible>Skin.HasSetting(ShowClock)</visible>
                <left>30r</left>
                <top>3</top>
                <width>195</width>
                <height>75</height>
                <align>right</align>
                <aligny>center</aligny>
                <font>font33B</font>
                <textcolor>textcolor2</textcolor>
                <label>$INFO[System.Time]</label>
            </control>
            <control type="label" description="Heading">
                <left>0</left>
                <top>0</top>
                <align>center</align>
                <aligny>center</aligny>
                <width>1920</width>
                <height>75</height>
                <textcolor>textcolor2</textcolor>
                <font>font42</font>
                <label>$VAR[RootLabel]</label>
            </control>
        </control>
    </include>
    <include name="Clock">
        <control type="label" description="Clock no title">
            <visible>![Window.IsActive(home) | Window.IsActive(LoginScreen.xml)]</visible>
            <visible>Skin.HasSetting(ShowClock)</visible>
            <left>0</left>
            <top>0</top>
            <width>1920</width>
            <height>75</height>
            <align>center</align>
            <aligny>center</aligny>
            <font>font36B</font>
            <textcolor>textcolor2</textcolor>
            <label>$INFO[System.Time] $INFO[System.Date]</label>
        </control>
    </include>
    <include name="WindowsTopInfos">
        <control type="group">
            <control type="label" description="Clock">
                <visible>!Skin.HasSetting(ShowClock)</visible>
                <right>30</right>
                <top>30</top>
                <width>195</width>
                <height>30</height>
                <align>right</align>
                <!--aligny>center</aligny-->
                <font>font30</font>
				<shadowcolor>-</shadowcolor>
                <textcolor>ShelfTopLabelFO</textcolor>
                <label>$INFO[System.Time]</label>
            </control>
        </control>
        <control type="grouplist">
            <visible>![Control.IsVisible(52) | Control.IsVisible(53) | Control.IsVisible(55) | Control.IsVisible(58) | Control.IsVisible(500) | Control.IsVisible(510) | Control.IsVisible(501) | Control.IsVisible(502) | [Window.IsActive(myPVR) + Control.IsVisible(10)] | [Window.IsActive(myPVR) + Control.IsVisible(14)]]</visible>
            <left>990</left>
            <top>40</top>
            <width>870</width>
            <height>75</height>
            <align>center</align>
            <aligny>bottom</aligny>
            <orientation>horizontal</orientation>
            <control type="label" id="7777" description="Heading">
                <width min="60" max="750">auto</width>
                <height>75</height>
                <font>font42</font>
                <scroll>false</scroll>
                <label>$VAR[RootLabel]</label>
				<textcolor>textcolor2</textcolor>
            </control>
            <control type="label" description="Number of files">
                <visible>!IsEmpty(Control.GetLabel(7777))</visible>
                <width min="60" max="120">auto</width>
                <height>81</height>
                <font>font26</font>
                <textcolor>dimgray</textcolor>
                <label>$INFO[Container.NumItems,  (,)]</label>
            </control>
        </control>
        <control type="grouplist">
            <visible>Control.IsVisible(52) | Control.IsVisible(58) | Control.IsVisible(500) | Control.IsVisible(501) | Control.IsVisible(510) | Control.IsVisible(502) | [Window.IsActive(myPVR) + Control.IsVisible(10)] | [Window.IsActive(myPVR) + Control.IsVisible(14)]</visible>
            <left>82</left>
            <top>0</top>
            <width>1230</width>
            <height>75</height>
            <align>left</align>
            <aligny>bottom</aligny>
            <orientation>horizontal</orientation>
            <control type="label" id="7777" description="Heading">
                <width min="60" max="1080">auto</width>
                <height>75</height>
                <font>font42</font>
                <scroll>false</scroll>
                <label>$VAR[RootLabel]</label>
				<textcolor>textcolor2</textcolor>
            </control>
            <control type="label" description="Number of files">
                <visible>!IsEmpty(Control.GetLabel(7777))</visible>
                <width min="60" max="120">auto</width>
                <height>81</height>
                <font>font26</font>
                <textcolor>dimgray</textcolor>
                <label>$INFO[Container.NumItems,  (,)]</label>
            </control>
        </control>
        <control type="group" description="Scroll letter">
            <visible>Container.Scrolling + !Control.IsVisible(53) + !Control.IsVisible(500) + Skin.HasSetting(sortLetter)</visible>
            <animation effect="fade" start="0" end="100" time="50" delay="0" reversible="false">Visible</animation>
            <animation effect="fade" start="100" end="0" time="150" delay="250" reversible="false">Hidden</animation>
            <control type="image">
                <left>1388</left>
                <top>975</top>
                <width>81</width>
                <height>81</height>
                <texture border="12">images/SortLetterBG.png</texture>
            </control>
            <control type="label">
                <left>1388</left>
                <top>975</top>
                <width>81</width>
                <height>81</height>
                <align>center</align>
                <font>font38</font>
                <label>$INFO[ListItem.SortLetter]</label>
            </control>
        </control>
        <control type="group" description="Sort letter">
            <visible>Container.Scrolling + Control.IsVisible(500) + Control.HasFocus(60) + Skin.HasSetting(sortLetter)</visible>
            <animation effect="fade" start="0" end="100" time="50" delay="0" reversible="false">Visible</animation>
            <animation effect="fade" start="100" end="0" time="150" delay="250" reversible="false">Hidden</animation>
            <control type="image">
                <left>920</left>
                <top>975</top>
                <width>81</width>
                <height>81</height>
                <texture border="12">images/SortLetterBG.png</texture>
            </control>
            <control type="label">
                <left>920</left>
                <top>975</top>
                <width>81</width>
                <height>81</height>
                <align>center</align>
                <font>font38</font>
                <label>$INFO[ListItem.SortLetter]</label>
            </control>
        </control>
        <control type="group" description="Sort letter">
            <visible>Container.Scrolling + Control.IsVisible(53) + Skin.HasSetting(sortLetter)</visible>
            <animation effect="fade" start="0" end="100" time="50" delay="0" reversible="false">Visible</animation>
            <animation effect="fade" start="100" end="0" time="150" delay="250" reversible="false">Hidden</animation>
            <control type="image">
                <left>1800</left>
                <top>499</top>
                <width>81</width>
                <height>81</height>
                <texture border="12">images/SortLetterBG.png</texture>
            </control>
            <control type="label">
                <left>1800</left>
                <top>499</top>
                <width>81</width>
                <height>81</height>
                <align>center</align>
                <font>font38</font>
                <label>$INFO[ListItem.SortLetter]</label>
            </control>
        </control>

        <!--DA FARE-->
        <control type="group" description="Player Info">
            <visible>!Control.HasFocus(340) + Player.HasMedia + ![Window.IsActive(DialogBusy.xml) | Window.IsActive(VideoFullscreen.xml) | Window.IsActive(myPVR.xml)]</visible>
            <visible>!IntegerGreaterThan(Player.Time,8) | !IntegerGreaterThan(Player.TimeRemaining,8)</visible>
            <include>VisibleFade</include>
            <left>15</left>
            <top>960</top>
            <control type="image" description="Playing BG">
                <width>390</width>
                <height>105</height>
                <texture border="14">images/playerinfo.png</texture>
            </control>
            <control type="group">
                <control type="image">
                    <left>15</left>
                    <top>15</top>
                    <width>75</width>
                    <height>75</height>
                    <texture>$INFO[MusicPlayer.Cover]</texture>
                    <aspectratio>keep</aspectratio>
                </control>
                <control type="image">
                    <left>15</left>
                    <top>15</top>
                    <width>75</width>
                    <height>75</height>
                    <texture>$INFO[VideoPlayer.Cover]</texture>
                    <aspectratio>keep</aspectratio>
                </control>
                <control type="label">
                    <left>105</left>
                    <top>9</top>
                    <aligny>center</aligny>
                    <width>261</width>
                    <height>36</height>
                    <font>font24</font>
                    <textcolor>textcolor</textcolor>
                    <label>$INFO[MusicPlayer.Title]</label>
                </control>
                <control type="label">
                    <left>105</left>
                    <top>36</top>
                    <aligny>center</aligny>
                    <width>261</width>
                    <height>36</height>
                    <font>font21</font>
					<textcolor>textcolor</textcolor>
                    <label>$INFO[MusicPlayer.Artist]</label>
                </control>
                <control type="label">
                    <left>105</left>
                    <top>60</top>
                    <aligny>center</aligny>
                    <width>261</width>
                    <height>36</height>
                    <font>font21</font>
					<textcolor>textcolor</textcolor>
                    <label>$INFO[MusicPlayer.Album]</label>
                </control>
                <control type="label">
                    <left>105</left>
                    <top>9</top>
                    <aligny>center</aligny>
                    <width>261</width>
                    <height>36</height>
                    <font>font24</font>
                    <textcolor>textcolor</textcolor>
                    <label>$INFO[VideoPlayer.Title]</label>
                </control>
                <control type="label">
                    <left>105</left>
                    <top>36</top>
                    <aligny>center</aligny>
                    <width>261</width>
                    <height>36</height>
                    <font>font21</font>
					<textcolor>textcolor</textcolor>
                    <label>$INFO[VideoPlayer.Artist]</label>
                </control>
                <control type="label">
                    <left>105</left>
                    <top>60</top>
                    <aligny>center</aligny>
                    <width>261</width>
                    <height>36</height>
                    <font>font21</font>
					<textcolor>textcolor</textcolor>
                    <label>$INFO[VideoPlayer.Album]</label>
                </control>
            </control>
        </control>
    </include>
    <include name="OSDbarIcons">
        <width>68</width>
        <height>68</height>
        <aspectratio aligny="center" align="left">keep</aspectratio>
    </include>
    <include name="OSDbarIcons3D">
        <width>34</width>
        <height>68</height>
        <aspectratio aligny="center" align="left">stretch</aspectratio>
    </include>
    <include name="Background">
        <control type="image" description="Default BG">
         <width>1920</width>
         <height>1080</height>
         <aspectratio>stretch</aspectratio>
         <texture background="true">$VAR[HomeBG]</texture>
        </control>
    </include>
    <include name="SettingsClock">
        <control type="label" id="7777" description="Heading">
            <centerleft>960</centerleft>
            <top>40</top>
            <width>1200</width>
            <height>35</height>
            <font>font42</font>
            <textcolor>textcolor4</textcolor>
            <shadowcolor>-</shadowcolor>
            <align>center</align>
            <scroll>false</scroll>
            <label>$VAR[RootLabel]</label>
        </control>
        <control type="label" description="Clock no title">
            <visible>![Window.IsActive(home) | Window.IsActive(LoginScreen.xml)]</visible>
            <visible>Skin.HasSetting(ShowClock)</visible>
            <left>33r</left>
            <top>3</top>
            <width>195</width>
            <height>75</height>
            <align>right</align>
            <aligny>center</aligny>
            <font>font33B</font>
            <textcolor>textcolor4</textcolor>
            <label>$INFO[System.Time]</label>
        </control>
    </include>
    <include name="PVRinfos">
        <control type="image">
            <description>background image</description>
            <left>-170</left>
            <top>-150</top>
            <width>1460</width>
            <height>800</height>
            <texture border="150">images/Dialog.png</texture>
            <!--visible>![Window.IsVisible(FullscreenVideo) | Window.IsVisible(Visualisation)]</visible-->
            <visible>!Window.IsVisible(Visualisation)</visible>
		</control>
        <!--control type="image">
            <top>110</top>
            <width>1160</width>
            <height>1</height>
            <texture>images/Line.png</texture>
        </control>
        <control type="image">
            <left>0</left>
            <top>370</top>
            <width>1160</width>
            <height>1</height>
            <texture>images/Line.png</texture>
        </control-->
        <control type="label">
            <description>header label</description>
            <left>20</left>
            <top>0</top>
            <width>1100</width>
            <height>30</height>
            <font>font26</font>
            <label>$LOCALIZE[19047]</label>
            <align>center</align>
            <aligny>center</aligny>
            <textcolor>textcolor2</textcolor>
        </control>
        <control type="label">
            <description>Title label</description>
            <left>20</left>
            <top>40</top>
            <width>1100</width>
            <height>30</height>
            <font>font33B</font>
            <label>$INFO[ListItem.Title]</label>
            <align>center</align>
            <aligny>center</aligny>
            <textcolor>textcolor2</textcolor>
            <!--shadowcolor>black</shadowcolor-->
        </control>
        <control type="label">
            <description>Start time</description>
            <left>20</left>
            <top>75</top>
            <width>1100</width>
            <height>25</height>
            <align>center</align>
            <aligny>center</aligny>
            <font>font26</font>
            <textcolor>Grey</textcolor>
            <label>$LOCALIZE[142] $INFO[ListItem.StartTime]</label>
        </control>
        <control type="textbox" id="400">
            <description>Plot value</description>
            <left>20</left>
            <top>110</top>
            <width>1080</width>
            <height>260</height>
            <font>font26</font>
            <align>justify</align>
            <textcolor>textcolor2</textcolor>
            <pagecontrol>-</pagecontrol>
            <label fallback="161">$INFO[ListItem.Plot]</label>
        </control>
        <control type="label">
            <description>Duration</description>
            <left>60</left>
            <top>390</top>
            <width>1000</width>
            <height>25</height>
            <align>center</align>
            <font>font26</font>
            <textcolor>Grey</textcolor>
            <label>$LOCALIZE[552]: $INFO[ListItem.StartDate] / $LOCALIZE[19148]: $INFO[ListItem.ChannelName]</label>
        </control>
        <control type="label">
            <description>Duration</description>
            <left>60</left>
            <top>420</top>
            <width>1000</width>
            <height>25</height>
            <align>center</align>
            <font>font26</font>
            <textcolor>Grey</textcolor>
            <label>$LOCALIZE[180]: $INFO[ListItem.Duration] / $LOCALIZE[135]: $INFO[ListItem.Genre]</label>
        </control>
    </include>
    <include name="BigListTitle">
        <left>128</left>
        <top>12</top>
        <height>50</height>
        <width>720</width>
        <aligny>center</aligny>
        <font>font30</font>
        <scroll>false</scroll>
        <textcolor>gray</textcolor>
    </include>
    <include name="BigListDetails">
        <left>128</left>
        <top>63</top>
        <height>33</height>
        <width>350</width>
        <font>font27</font>
        <scroll>false</scroll>
    </include>
	<include name="StartupSplashON">
		<onload>AlarmClock(CloseStartup,ReplaceWindow($INFO[System.StartupWindow]),00:03,silent)</onload>
		<animation type="WindowOpen">
			<effect type="fade" start="0" end="100" time="400" delay="200" />
		</animation>
		<controls>
			<control type="image">
			    <animation type="WindowClose">
					<!--effect type="zoom" center="960,595" start="100" end="3000" time="500" delay="200" easing="in" /-->
					<effect type="fade" start="100" end="0" time="200" />
				</animation>
				<width>1920</width>
				<height>1080</height>
				<texture>splash/test.gif</texture>
			</control>	
		</controls>	
	</include>		
	<include name="StartupSplashOFF">		
	  <defaultcontrol always="true">10</defaultcontrol>
	  <allowoverlay>no</allowoverlay>
	  <backgroundcolor>Background</backgroundcolor>
	  <!--<onload>XBMC.PlayMedia(special://skin/mov/introMovie.mov)</onload>-->
	  <controls>
		<!--backgroundcolor>Background</backgroundcolor--> 
		<!--include>Background</include-->
		<control type="button" id="10" description="Startup Trigger">
		  <texturenofocus>-</texturenofocus>
		  <texturefocus>-</texturefocus>
		  <!--onfocus>ReplaceWindow(Home)</onfocus-->
		  <onfocus>ActivateWindow(Home)</onfocus>
		</control>
	  </controls>		
	</include>	
    <include name="Keyboard">
	 <texturefocus border="8">keyboard/select.png</texturefocus>
	 <texturenofocus colordiffuse="77FFFFFF">keyboard/transparent.png</texturenofocus>
     <align>center</align>
     <aligny>center</aligny>
     <width>75</width>
	 <height>84</height>
     <font>font45</font>
	 <textcolor>$VAR[xx]</textcolor>
    </include>
	<include name="Keyboard2">
	 <texturefocus border="8">keyboard/select2.png</texturefocus>
	 <texturenofocus colordiffuse="77FFFFFF">keyboard/transparent.png</texturenofocus>
     <align>center</align>
     <aligny>center</aligny>
     <width>125</width>
	 <height>50</height>
     <font>font35</font>
	 <textcolor>$VAR[xx]</textcolor>
    </include>
	<include name="Keyboardbuttons">
     <animation effect="zoom" start="100" end="120" time="120" center="auto" tween="Back" easing="Out">Focus</animation>
     <animation effect="zoom" start="120" end="100" time="300" center="auto">unFocus</animation>
     <width>125</width>
     <height>40</height>
     <align>center</align>
     <aligny>center</aligny>
     <font>font27</font>
    </include>	
	<include name="menu9000">
			<left>-502</left>
			<!--visible allowhiddenfocus="true">ControlGroup(9000).HasFocus()</visible-->
			<visible>true</visible>
            <!--include>DialogOpenCloseVisible</include-->
			<animation effect="slide" start="0,0" end="502,0" time="250"  tween="circle" easing="inout">Focus</animation>	
			<animation effect="slide" start="502,0" end="0,0" time="250"  tween="circle" easing="inout">Unfocus</animation>
			<control type="image" description="List back">
				<width>502</width>
				<height>1080</height>
				<aspectratio>stretch</aspectratio>
				<texture>$VAR[9000menu]</texture>
			</control>
			<control type="togglebutton" description="option open">
				<width>30</width>
				<height>110</height>
				<left>510</left>
				<centertop>540</centertop>
				<colordiffuse>$VAR[homelogocolor]</colordiffuse>
				<texturefocus>notification2/line2.png</texturefocus>
				<texturenofocus>notification2/line2.png</texturenofocus>
				<alttexturefocus>notification2/line2.png</alttexturefocus>
				<alttexturenofocus>notification2/line2.png</alttexturenofocus>
				<onclick>Action(left])</onclick>
				<altclick>Action(right)</altclick>
			</control>
			<control type="label" id="200">
                <!--Label Menu-->
				<left>-30</left>
				<top>150</top>
                <width>458</width>
                <align>left</align>
                <textoffsetx>50</textoffsetx>
                <font>font45B</font>
                <textcolor>$VAR[heading]</textcolor>
                <label>$LOCALIZE[33061]:</label>
            </control>
			<control type="label" id="200">
                <!--Date Label-->
				<left>-30</left>
				<top>50</top>
                <width>588</width>
                <align>left</align>
                <textoffsetx>50</textoffsetx>
                <font>font40</font>
                <textcolor>$VAR[heading]</textcolor>
                <label>$INFO[System.Time][CR]$INFO[System.Date]</label>
            </control>
			<control type="grouplist" id="9000">
				<onright>50</onright>
				<left>15</left>
                <height>878</height>
                <top>230</top>
				<control type="grouplist" description="videos">
					<onright>50</onright>
					<left>15</left>
					<height>878</height>
					<top>230</top>
					<visible>Window.IsActive(videos)</visible>
					<control type="button" id="2" description="Views">
						<width>468</width>
						<align>left</align>
						<textoffsetx>22</textoffsetx>
						<include>DialogButt</include>
					</control>	
					<control type="button" id="8" description="search">
						<width>468</width>
						<align>left</align>
						<textoffsetx>22</textoffsetx>
						<include>DialogButt</include>
						<label>137</label>
					</control>
					<control type="togglebutton" id="14" description="Toggle Watched">
						<align>left</align>
						<width>468</width>
						<textoffsetx>22</textoffsetx>
						<include>DialogButt</include>
						<label>$LOCALIZE[535]: $LOCALIZE[16100]</label>
						<altlabel>$LOCALIZE[535]: $LOCALIZE[16101]</altlabel>
					</control>
					<control type="edit" id="19" description="Filter">
						<width>468</width>
						<align>left</align>
						<textoffsetx>22</textoffsetx>
						<visible>Container.CanFilter + !Container.CanFilterAdvanced</visible>
						<textwidth>230</textwidth>
						<textoffsetx>60</textoffsetx>
						<textoffsety>13</textoffsety>
						<label>587</label>
						<include>DialogButt</include>
					</control>
					<control type="button" id="3" description="Sort">
						<width>468</width>
						<align>left</align>
						<textoffsetx>22</textoffsetx>
						<include>DialogButt</include>
					</control>
					<control type="togglebutton" id="4" description="SortOrder">
						<width>468</width>
						<align>left</align>
						<textoffsetx>22</textoffsetx>
						<include>DialogButt</include>
						<label>584</label>
						<altlabel>585</altlabel>
						<usealttexture>Container.SortDirection(Ascending)</usealttexture>
					</control>
					<control type="button" id="698" description="Browse files">
						<width>468</width>
						<align>left</align>
						<textoffsetx>22</textoffsetx>
						<include>DialogButt</include>
						<label>$LOCALIZE[1024] $LOCALIZE[744]</label>
						<onclick>ActivateWindow(Videos,files)</onclick>
                </control>
					<control type="togglebutton" id="699" description="Playing">
						<width>468</width>
						<align>left</align>
						<textoffsetx>22</textoffsetx>
						<enable>Player.HasMedia</enable>
						<include>DialogButt</include>
						<label>$LOCALIZE[16003]</label>
						<altlabel>$LOCALIZE[31055]</altlabel>
						<usealttexture>Player.HasMedia</usealttexture>
						<onclick>fullscreen</onclick>
						<altclick>fullscreen</altclick>
					</control>
					<control type="button" id="4401">
						<width>468</width>
						<align>left</align>
						<textoffsetx>22</textoffsetx>
						<!--current playlist-->
						<label>13350</label>
						<onclick>ActivateWindow(videoplaylist)</onclick>
						<visible>!StringCompare(Playlist.Length(video),0)</visible>
						<include>DialogButt</include>
					</control>
					<control type="button" id="4402">
						<width>468</width>
						<align>left</align>
						<textoffsetx>22</textoffsetx>
						<!--current playlist-->
						<label>Favorites</label>
						<include>DialogButt</include>
						<onclick>ActivateWindow(favourites)</onclick>
					</control>
					<control type="togglebutton" id="20">
						<width>468</width>
						<align>left</align>
						<textoffsetx>22</textoffsetx>
						<description>Update library</description>
						<include>DialogButt</include>
						<label>653</label>
						<altlabel>13353</altlabel>
						<usealttexture>library.isscanningvideo</usealttexture>
					</control>
				</control>
			    <control type="grouplist" description="addonbrowser">
					<onright>50</onright>
					<left>15</left>
					<height>878</height>
					<top>230</top>
					<visible>Window.IsActive(addonbrowser)</visible>
					<control type="button" id="9">
						<textoffsetx>22</textoffsetx>
						<align>left</align>
						<width>468</width>
						<description>Check for updates</description>
						<include>DialogButt</include>
						<label>$LOCALIZE[24034]</label>
					</control>					
					<control type="button" id="5" description="Updates">
						<textoffsetx>22</textoffsetx>
						<align>left</align>
						<width>468</width>
						<include>DialogButt</include>
						<label>$LOCALIZE[24063]: $LOCALIZE[1223]</label>
						<altlabel>$LOCALIZE[24063]: $LOCALIZE[305]</altlabel>
					</control>
					<control type="togglebutton" id="6" description="Notifications">
						<textoffsetx>22</textoffsetx>
						<align>left</align>
						<width>468</width>
						<include>DialogButt</include>
						<label>$LOCALIZE[25000]: $LOCALIZE[1223]</label>
						<altlabel>$LOCALIZE[25000]: $LOCALIZE[305]</altlabel>
					</control>
					<control type="button" id="3" description="Sort">
						<textoffsetx>22</textoffsetx>
						<align>left</align>
						<width>468</width>
						<include>DialogButt</include>
					</control>				
					<control type="radiobutton" id="7" description="language filter">
						<textoffsetx>22</textoffsetx>
						<align>left</align>
						<width>468</width>
						<include>DialogButt</include>
						<label>25001</label>
					</control>
					<control type="radiobutton" id="8" description="Hide Broken">
						<textoffsetx>22</textoffsetx>
						<align>left</align>
						<width>468</width>
						<include>DialogButt</include>
						<label>24999</label>
					</control>
					<control type="button" id="699" description="Playing">
						<textoffsetx>22</textoffsetx>
						<align>left</align>
						<width>468</width>
						<enable>Player.HasMedia</enable>
						<include>DialogButt</include>
						<label>$LOCALIZE[31055]</label>
						<onclick>fullscreen</onclick>
					</control>
                </control>
				<control type="grouplist" description="music">
					<onright>50</onright>
					<left>15</left>
					<height>878</height>
					<top>230</top>
					<visible>Window.IsActive(musiclibrary)</visible>
					<control type="button" id="2" description="Views">
						<width>468</width>
						<align>left</align>
						<textoffsetx>22</textoffsetx>
						<include>DialogButt</include>
					</control>
					<control type="button" id="3" description="Sort">
						<width>468</width>
						<align>left</align>
						<textoffsetx>22</textoffsetx>
						<include>DialogButt</include>
					</control>
					<control type="togglebutton" id="16" description="PartyMode">
						<width>468</width>
						<align>left</align>
						<textoffsetx>22</textoffsetx>
						<include>DialogButt</include>
						<label>$LOCALIZE[589]: $LOCALIZE[1223]</label>
						<altlabel>$LOCALIZE[589]: $LOCALIZE[305]</altlabel>
					</control>
					<control type="button" id="698" description="Files">
						<width>468</width>
						<align>left</align>
						<textoffsetx>22</textoffsetx>
						<include>DialogButt</include>
						<label>$LOCALIZE[1024] $LOCALIZE[744]</label>
						<onclick>ActivateWindow(MusicFiles,root)</onclick>
					</control>
					<control type="button" id="699" description="Playing">
						<width>468</width>
						<align>left</align>
						<textoffsetx>22</textoffsetx>
						<visible>Player.HasMedia</visible>
						<label>$LOCALIZE[16003]</label>
						<altlabel>$LOCALIZE[31055]</altlabel>
						<onclick>fullscreen</onclick>
						<altclick>fullscreen</altclick>
						<include>DialogButt</include>
						<animation effect="fade" start="100" end="60" time="100" condition="!Player.HasMedia">Conditional</animation>
					</control>
					<control type="togglebutton" id="20">
						<width>468</width>
						<align>left</align>
						<textoffsetx>22</textoffsetx>
						<description>Update library</description>
						<include>DialogButt</include>
						<label>653</label>
						<altlabel>13353</altlabel>
						<usealttexture>library.isscanningvideo</usealttexture>
					</control>
                </control>
				<control type="grouplist" description="pictures">
					<onright>50</onright>
					<left>15</left>
					<height>878</height>
					<top>230</top>
					<visible>Window.IsActive(pictures)</visible>
					<control type="button" id="2" description="Views">
						<width>468</width>
						<align>left</align>
						<textoffsetx>22</textoffsetx>
						<include>DialogButt</include>
					</control>
					<control type="button" id="3" description="Sort">
						<width>468</width>
						<align>left</align>
						<textoffsetx>22</textoffsetx>
						<include>DialogButt</include>
					</control>
					<control type="button" id="6" description="Slideshow">
						<width>468</width>
						<align>left</align>
						<textoffsetx>22</textoffsetx>
						<disabledcolor>Disabled</disabledcolor>
						<include>DialogButt</include>
						<label>108</label>
						<visible>!ListItem.IsFolder</visible>
					</control>
					<control type="button" id="7" description="Recursive slideshow">
						<width>468</width>
						<align>left</align>
						<textoffsetx>22</textoffsetx>
					<disabledcolor>Disabled</disabledcolor>
						<include>DialogButt</include>
						<label>13318</label>
						<visible>ListItem.IsFolder</visible>
					</control>
					<control type="radiobutton" id="9" description="Randomize">
						<width>468</width>
						<align>left</align>
						<textoffsetx>22</textoffsetx>
						<include>DialogButt</include>
						<label>13319</label>
					</control>
					<control type="button" id="699" description="Playing">
						<width>468</width>
						<align>left</align>
						<textoffsetx>22</textoffsetx>
						<visible>Player.HasMedia</visible>
						<include>DialogButt</include>
						<label>$LOCALIZE[16003]</label>
						<altlabel>$LOCALIZE[31055]</altlabel>
						<usealttexture>Player.HasMedia</usealttexture>
						<onclick>fullscreen</onclick>
						<altclick>fullscreen</altclick>
						<animation effect="fade" start="100" end="60" time="100" condition="!Player.HasMedia">Conditional</animation>
					</control>
                </control>
				<control type="grouplist" description="PVRsidemenu">
					<onright>50</onright>
					<left>15</left>
					<height>878</height>
					<top>230</top>
					<visible>Window.IsActive(tvguide)</visible>
					<control type="button" id="3">
						<width>468</width>
						<align>left</align>
						<textoffsetx>22</textoffsetx>
						<visible>!Window.IsActive(TVGuide)</visible>
						<description>Sort by button</description>
						<include>DialogButt</include>
						<label>103</label>
					</control>
					<control type="togglebutton" id="4">
						<width>468</width>
						<align>left</align>
						<textoffsetx>22</textoffsetx>
						<visible>!Window.IsActive(TVGuide)</visible>
						<description>Sort asc</description>
						<include>DialogButt</include>
						<label>584</label>
						<altlabel>585</altlabel>
						<usealttexture>Container.SortDirection(Ascending)</usealttexture>
					</control>
					<control type="radiobutton" id="5">
						<width>468</width>
						<align>left</align>
						<textoffsetx>22</textoffsetx>
						<description>Group recording items by folder structure</description>
						<left>0</left>
						<right>40</right>
						<include>DialogButt</include>
						<label>19270</label>
						<visible>Window.IsActive(TVRecordings) | Window.IsActive(RadioRecordings)</visible>
					</control>
					<control type="button" id="31">
						<width>468</width>
						<align>left</align>
						<textoffsetx>22</textoffsetx>
						<description>TV Guide</description>
						<include>DialogButt</include>
						<onclick condition="Window.IsActive(TVGuide) | Window.IsActive(RadioGuide)">noop</onclick>
						<onclick condition="IsEmpty(Window.Property(IsRadio))">ActivateWindow(TVGuide)</onclick>
						<onclick condition="!IsEmpty(Window.Property(IsRadio))">ActivateWindow(RadioGuide)</onclick>
						<label>22020</label>
					</control>
					<control type="button" id="32">
						<width>468</width>
						<align>left</align>
						<textoffsetx>22</textoffsetx>
						<description>TV Channels</description>
						<include>DialogButt</include>
						<onclick condition="Window.IsActive(TVChannels) | Window.IsActive(RadioChannels)">noop</onclick>
						<onclick condition="IsEmpty(Window.Property(IsRadio))">ActivateWindow(TVChannels)</onclick>
						<onclick condition="!IsEmpty(Window.Property(IsRadio))">ActivateWindow(RadioChannels)</onclick>
						<label>19023</label>
					</control>
					<control type="button" id="34">
						<width>468</width>
						<align>left</align>
						<textoffsetx>22</textoffsetx>
						<description>Recordings</description>
						<include>DialogButt</include>
						<onclick condition="IsEmpty(Window.Property(IsRadio))">ActivateWindow(TVRecordings)</onclick>
						<onclick condition="!IsEmpty(Window.Property(IsRadio))">ActivateWindow(RadioRecordings)</onclick>
						<label>19163</label>
					</control>
					<control type="button" id="35">
						<width>468</width>
						<align>left</align>
						<textoffsetx>22</textoffsetx>
						<description>Timers</description>
						<include>DialogButt</include>
						<onclick condition="IsEmpty(Window.Property(IsRadio))">ActivateWindow(TVTimers)</onclick>
						<onclick condition="!IsEmpty(Window.Property(IsRadio))">ActivateWindow(RadioTimers)</onclick>
						<label>19040</label>
					</control>
					<control type="button" id="36">
						<width>468</width>
						<align>left</align>
						<textoffsetx>22</textoffsetx>
						<description>Search</description>
						<include>DialogButt</include>
						<onclick condition="IsEmpty(Window.Property(IsRadio))">ActivateWindow(TVSearch)</onclick>
						<onclick condition="!IsEmpty(Window.Property(IsRadio))">ActivateWindow(RadioSearch)</onclick>
						<label>137</label>
					</control>
					<control type="button" id="28">
						<width>468</width>
						<align>left</align>
						<textoffsetx>22</textoffsetx>
						<description>Channel Groups</description>
						<left>0</left>
						<right>40</right>
						<include>DialogButt</include>
						<label>-</label>
					</control>
					<control type="radiobutton" id="600" description="EPG">
						<width>468</width>
						<align>left</align>
						<textoffsetx>22</textoffsetx>
						<visible>Window.IsActive(MyPVRGuide.xml)</visible>
						<include>DialogButt</include>
						<onclick>Container.SetViewMode(10)</onclick>
						<selected>Control.IsVisible(10)</selected>
						<label>EPG</label>
					</control>
					<control type="radiobutton" id="602" description="Now">
						<width>468</width>
						<align>left</align>
						<textoffsetx>22</textoffsetx>
                    <visible>Window.IsActive(MyPVRGuide.xml)</visible>
						<include>DialogButt</include>
						<onclick>Container.SetViewMode(11)</onclick>
						<selected>Control.IsVisible(11) + !Control.IsVisible(10)</selected>
						<label>19030</label>
					</control>
					<control type="radiobutton" id="603" description="Next">
						<width>468</width>
						<align>left</align>
						<textoffsetx>22</textoffsetx>
						<visible>Window.IsActive(MyPVRGuide.xml)</visible>
						<include>DialogButt</include>
						<onclick>Container.SetViewMode(12)</onclick>
						<selected>Control.IsVisible(12) + !Control.IsVisible(10)</selected>
						<label>19031</label>
					</control>
				</control>
				<control type="grouplist" description="Programs">
					<onright>50</onright>
					<left>15</left>
					<height>878</height>
					<top>230</top>
					<visible>Window.IsActive(programs)</visible>
					<control type="button" id="2" description="Views">
						<width>468</width>
						<align>left</align>
						<textoffsetx>22</textoffsetx>
					  <include>DialogButt</include>
					</control>
					<control type="button" id="3" description="Sort">
						<width>468</width>
						<align>left</align>
						<textoffsetx>22</textoffsetx>
					  <include>DialogButt</include>
					</control>
					<control type="togglebutton" id="4" description="SortMode">
						<width>468</width>
						<align>left</align>
						<textoffsetx>22</textoffsetx>
						<!--alttexturenofocus>-</alttexturenofocus-->
						<include>DialogButt</include>
						<label>$LOCALIZE[21429]: $LOCALIZE[21430]</label>
						<altlabel>$LOCALIZE[21429]: $LOCALIZE[21431]</altlabel>
					</control>
					<control type="togglebutton" id="699" description="Playing">
						<visible>Player.HasMedia</visible>
						<include>DialogButt</include>
						<label>$LOCALIZE[16003]</label>
						<altlabel>$LOCALIZE[31055]</altlabel>
						<usealttexture>Player.HasMedia</usealttexture>
						<onclick>fullscreen</onclick>
						<altclick>fullscreen</altclick>
						<animation effect="fade" start="100" end="60" time="100" condition="!Player.HasMedia">Conditional</animation>
					</control>
				</control>
            </control>
    </include>
</includes>
