<?xml version="1.0" encoding="UTF-8"?>
<includes>
  <include name="Musicviews">
    <onload>RunScript(script.colorbox,info=blur,id='images/white.png',radius=50,prefix=AlbumInfo)</onload>
    <control type="group" description="Base Music List">
      <visible>Control.IsVisible(50)</visible>
      <control type="group">
        <visible>!Container.content(musicvideos)</visible>
        <include>left_Panel_square</include>
      </control>
      <control type="group">
        <visible>Container.content(musicvideos)</visible>
        <include>left_Panel_square</include>
        <include>MusicInfo</include>
      </control>
      <control type="group" description="Slider and List">
        <include>LargeListItemCount</include>
        <left>1020</left>
        <top>131</top>
        <control type="fixedlist" id="50">
          <visible>!Container.content(songs)</visible>
          <width>802</width>
          <height>888</height>
          <onleft condition="!Skin.HasSetting(ViewsMenuOff)">9000</onleft>
          <onright condition="Skin.HasSetting(Scrollbars_Active)">60</onright>
          <onup>50</onup>
          <ondown>50</ondown>
          <pagecontrol>60</pagecontrol>
          <viewtype label="537">Big list</viewtype>
          <focusposition>3</focusposition>
          <movement>4</movement>
          <preloaditems>4</preloaditems>
          <scrolltime tween="sine" easing="inout">280</scrolltime>
          <include>LargeListLayout</include>
        </control>      
      </control>
      <control type="scrollbar" id="60">
		<visible>Skin.HasSetting(Scrollbars_Active)</visible>
        <left>51r</left>
        <top>135</top>
        <height>870</height>
        <onleft>50</onleft>
        <onright>noop</onright>
      </control>
      <control type="label" description="Heading">
        <visible>!IsEmpty(Container.FolderName)</visible>
        <include>HeadingR</include>
        <label>$VAR[RootLabel]</label>
      </control>
    </control>
    <control type="group" description="52 List base">
	  <control type="image" id="99" description="Album Background">
	    <visible>false</visible>
        <width>1920</width>
        <height>1080</height>
        <texture>images/white.png</texture> <!--$INFO[Window(home).Property(AlbumInfo.ImageFilter)]-->
      </control>
	  <control type="image" id="100" description="Album Background">
	    <visible>Container.Content(songs)</visible>
        <width>1920</width>
        <height>1080</height>
        <texture colordiffuse="77FFFFFF">$INFO[Window(home).Property(AlbumInfo.ImageFilter)]</texture> <!--$INFO[Window(home).Property(AlbumInfo.ImageFilter)]-->
      </control>
	  <control type="image" id="99" description="Album Background">
	    <visible>false</visible>
        <width>1920</width>
        <height>1080</height>
        <texture>$INFO[ListItem.icon]</texture> <!--$INFO[Window(home).Property(AlbumInfo.ImageFilter)]-->
      </control>
      <visible>Control.IsVisible(52)</visible>
      <include>left_Panel_square</include>
      <include>MusicInfo</include>
      <control type="group" description="Slider and List">
        <include>SlimListItemCount</include>
        <left>1020</left>
        <top>131</top>
        <include>SlimListSlider</include>
        <control type="fixedlist" id="52">
          <visible>container.content(songs)</visible>
          <left>0</left>
          <top>0</top>
          <width>802</width>
          <height>891</height>
          <onleft condition="!Skin.HasSetting(ViewsMenuOff)">9000</onleft>
          <onright condition="Skin.HasSetting(Scrollbars_Active)">60</onright>
          <onup>52</onup>
          <ondown>52</ondown>
          <pagecontrol>60</pagecontrol>
          <viewtype label="544">Media info</viewtype>
          <focusposition>5</focusposition>
          <movement>5</movement>
          <preloaditems>4</preloaditems>
          <scrolltime tween="sine" easing="inout">280</scrolltime>
          <itemlayout width="802" height="81">
            <control type="image">
              <height>70</height>
              <width>805</width>
              <include>right_listpanel_unfocused</include>
            </control>		  
            <control type="label" description="Main Label">
              <width max="609">auto</width>
              <include>52MainLabel</include>
              <label>$INFO[ListItem.Label]</label>
            </control>
            <control type="label" description="Label2">
              <visible>![Player.HasAudio + ListItem.IsPlaying]</visible>
              <visible>container.content(songs)</visible>
              <include>52Label2</include>
              <label>$INFO[ListItem.Duration]</label>
            </control>
            <control type="image" description="playing">
              <visible>[Player.HasAudio + ListItem.IsPlaying]</visible>
              <left>99r</left>
              <top>0</top>
              <height>81</height>
              <width>36</width>
              <aspectratio>keep</aspectratio>
              <texture>images/NowPlayingNF.png</texture>
            </control>
          </itemlayout>
          <focusedlayout width="802" height="81">		  
			<control type="group">
				<animation effect="zoom" time="120" start="100" end="105" center="auto" tween="Back" easing="Out">Focus</animation>
				<control type="image">
					<top>12</top>
					<left>-50</left>
					<height>70</height>
					<width>905</width>
					<include>right_listpanel_focused_shadow</include>
				</control>
				<control type="image">
					<height>70</height>
                    <width>805</width>
                    <include>right_listpanel_focused</include>
                </control>		  	  
				<control type="label" description="Main Label">
					<width max="609">auto</width>
					<include>52MainLabelFO</include>
					<label>$INFO[ListItem.Label]</label>
				</control>
				<control type="label" description="Label2">
					<visible>![Player.HasAudio + ListItem.IsPlaying]</visible>
					<include>52Label2FO</include>
					<label>$INFO[ListItem.Duration]</label>
				</control>
				<control type="image" description="playing">
					<visible>[Player.HasAudio + ListItem.IsPlaying]</visible>
					<animation effect="fade" start="50" end="100" time="100" delay="200">Focus</animation>
					<left>99r</left>
					<top>0</top>
					<height>81</height>
					<width>36</width>
					<aspectratio>keep</aspectratio>
					<texture>images/NowPlayingFO.png</texture>
				</control>			
		    </control>
          </focusedlayout>
        </control>
      </control>
      <control type="scrollbar" id="60">
		<visible>Skin.HasSetting(Scrollbars_Active)</visible>
        <left>51r</left>
        <top>147</top>
        <height>882</height>
        <onleft>52</onleft>
        <onright>noop</onright>
      </control>
      <control type="label" description="Heading">
        <visible>!IsEmpty(Container.FolderName)</visible>
        <include>HeadingR</include>
        <label>$VAR[RootLabel]</label>
      </control>
    </control>
    <!--ICONE-->
    <control type="group">
      <visible>Control.IsVisible(53)</visible>
      <control type="group" description="Container and frame">
        <control type="panel" id="53" description="Panel">
          <visible>Container.Content(Albums) | Container.Content(Addons)</visible>
          <visible>!Container.content(songs)</visible>
          <viewtype label="536">Icons</viewtype>
          <left>50</left>
          <width>1820</width>
          <height>1080</height>
          <onleft condition="!Skin.HasSetting(ViewsMenuOff)">9000</onleft>
          <onleft condition="Skin.HasSetting(ViewsMenuOff)">noop</onleft>
          <onright condition="Skin.HasSetting(Scrollbars_Active)">60</onright>
          <onright condition="!Skin.HasSetting(Scrollbars_Active)">noop</onright>
          <onup>53</onup>
          <ondown>53</ondown>
          <preloaditems>4</preloaditems>
          <pagecontrol>60</pagecontrol>
          <scrolltime>400</scrolltime>
          <itemlayout height="455" width="455">
            <control type="image">
              <visible>container.content(albums)</visible>
              <centerleft>227</centerleft>
              <centertop>227</centertop>
              <width>360</width>
              <height>360</height>
              <texture fallback="DefaultAudio.png" background="true">$INFO[ListItem.Icon]</texture>
              <aspectratio>stretch</aspectratio>
            </control>
            <control type="image">
              <visible>!container.content(albums)</visible>
              <centerleft>227</centerleft>
              <centertop>227</centertop>
              <width>360</width>
              <height>360</height>
              <texture background="true">$INFO[ListItem.Icon]</texture>
              <aspectratio>stretch</aspectratio>
            </control>
			
              <control type="label">
                <centerleft>227</centerleft>
                <top>414</top>
                <width>360</width>
                <height>20</height>
                <font>size24</font>
                <textcolor>textcolor3</textcolor>
                <align>center</align>
                <label>$INFO[ListItem.Label]</label>
              </control>			
			
			
          </itemlayout>
          <focusedlayout height="455" width="455">
            <control type="image">
              <animation effect="fade" start="0" end="100" time="150">Focus</animation>
              <animation effect="fade" start="100" end="0" time="150">unFocus</animation>
              <visible>!StringCompare(ListItem.Label,..)</visible>
              <centerleft>227</centerleft>
              <centertop>227</centertop>
              <width>455</width>
              <height>455</height>
              <texture>shadow.png</texture>
            </control>
            <control type="group">
              <animation effect="zoom" time="120" start="100" end="114" center="auto" tween="Back" easing="Out">Focus</animation>
              <animation effect="zoom" start="114" end="100" time="120" center="auto">unFocus</animation>
              <control type="image">
                <visible>container.content(albums)</visible>
                <centerleft>227</centerleft>
                <centertop>227</centertop>
                <width>360</width>
                <height>360</height>
                <texture fallback="DefaultAudio.png" background="true">$INFO[ListItem.Icon]</texture>
                <aspectratio>stretch</aspectratio>
              </control>
              <control type="image">
                <visible>!container.content(albums)</visible>
                <centerleft>227</centerleft>
                <centertop>227</centertop>
                <width>360</width>
                <height>360</height>
                <texture background="true">$INFO[ListItem.Icon]</texture>
                <aspectratio>stretch</aspectratio>
              </control>
              <control type="label">
                <animation effect="fade" start="0" end="100" time="150">Focus</animation>
                <animation effect="fade" start="100" end="0" time="150">unFocus</animation>
                <centerleft>227</centerleft>
                <top>414</top>
                <width>440</width>
                <height>20</height>
                <font>size24</font>
                <textcolor>textcolor4</textcolor>
                <align>center</align>
                <label>[B]$INFO[ListItem.Label][/B]</label>
              </control>
               <control type="image" description="Rating">
                <animation effect="fade" start="0" end="100" time="150">Focus</animation>
                <animation effect="fade" start="100" end="0" time="150">unFocus</animation>
                <visible>!IsEmpty(ListItem.StarRating)</visible>
                <centerleft>227</centerleft>
                <top>436</top>
                 <width>100</width>
                <include>MusicRating</include>
              </control>
            </control>
          </focusedlayout>
        </control>
      </control>
      <control type="scrollbar" id="60">
		<visible>Skin.HasSetting(Scrollbars_Active)</visible>
        <left>45r</left>
        <top>219</top>
        <height>660</height>
        <onleft>53</onleft>
        <onright>noop</onright>
      </control>
    </control>
    <control type="group">
      <visible>Control.IsVisible(500)</visible>
      <control type="image">
        <include>Dimensions_Fullscreen</include>
        <include>Fanart_Fade</include>
        <texture background="true">$INFO[ListItem.Property(fanart_image)]</texture>
        <aspectratio>stretch</aspectratio>
      </control>
      <!--control type="image">
        <include>Dimensions_Fullscreen</include>
        <texture>Shades/Overfanart.png</texture>
        <aspectratio>stretch</aspectratio>
      </control-->
      <control type="fixedlist" id="500" description="Fanart">
        <visible>Container.content(Albums) | Container.content(Artists)</visible>
        <onup>9000</onup>
        <ondown condition="Skin.HasSetting(Scrollbars_Active)">60</ondown>
        <ondown>noop</ondown>
        <onleft>500</onleft>
        <onright>500</onright>
        <viewtype label="$LOCALIZE[20445]">Fanart</viewtype>
        <left>-282</left>
        <top>690</top>
        <width>2484</width>
        <height>402</height>
        <orientation>horizontal</orientation>
        <scrolltime>400</scrolltime>
        <focusposition>3</focusposition>
        <movement>2</movement>
        <preloaditems>4</preloaditems>
        <pagecontrol>60</pagecontrol>
        <itemlayout height="357" width="354">
          <control type="image" description="Thumb">
            <left>27</left>
            <top>27</top>
            <width>303</width>
            <height>303</height>
            <texture background="true">$INFO[ListItem.Icon]</texture>
            <aspectratio>scale</aspectratio>
          </control>
        </itemlayout>
        <focusedlayout height="357" width="354">
          <control type="group">
            <control type="image" description="Thumb">
              <left>7</left>
              <top>7</top>
              <width>333</width>
              <height>333</height>
              <texture background="true">$INFO[ListItem.Icon]</texture>
              <aspectratio>scale</aspectratio>
            </control>
          </control>
        </focusedlayout>
      </control>
      <!--control type="image" description="LeftFade">
        <visible>Container.Position(3) | Container.Position(4) | Container.Position(5) | Container.Position(6)</visible>
        <include>VisibleFade</include>
        <left>0</left>
        <top>716</top>
        <width>54</width>
        <height>447</height>
        <texture>images/DefaultGradientH.png</texture>
        <aspectratio>stretch</aspectratio>
      </control>
      <control type="image" description="RightFade">
        <visible>Container.Position(0) | Container.Position(1) | Container.Position(2) | Container.Position(3)</visible>
        <include>VisibleFade</include>
        <left>1866</left>
        <top>716</top>
        <width>54</width>
        <height>447</height>
        <texture flipx="true">images/DefaultGradientH.png</texture>
        <aspectratio>stretch</aspectratio>
      </control-->
      <control type="group" description="Media Info">
        <top>80</top>
        <left>80</left>
        <control type="label" description="Item Title">
          <left>0</left>
          <top>522</top>
          <font>size33B</font>
          <textcolor>textcolor4</textcolor>
          <width>1760</width>
          <align>center</align>
          <include>Genre51Commons</include>
          <label>$INFO[ListItem.Label] [COLOR=textcolor3]$INFO[ListItem.Label2, • ][/COLOR]</label>
        </control>
        <control type="label" description="Item Title">
          <left>350</left>
          <top>-45</top>
          <font>size33B</font>
          <textcolor>textcolor4</textcolor>
          <width>1360</width>
          <height>45</height>
          <font>size39B</font>
          <align>center</align>
          <label>$INFO[ListItem.Label]</label>
        </control>
        <control type="image" description="Line Split">
          <left>15</left>
          <top>577</top>
          <width>1890</width>
          <height>1</height>
          <texture>images/LineST.png</texture>
          <aspectratio>stretch</aspectratio>
        </control>
        <control type="image" description="Line Split">
          <left>15</left>
          <top>510</top>
          <width>1890</width>
          <height>1</height>
          <texture>images/LineST.png</texture>
          <aspectratio>stretch</aspectratio>
        </control>
        <control type="textbox">
          <left>350</left>
          <width>1360</width>
          <height>510</height>
          <align>justify</align>
          <autoscroll delay="3000" time="5000" repeat="10000"></autoscroll>
          <label>$VAR[Plots]</label>
        </control>
        <control type="label">
          <width>1760</width>
          <height>20</height>
          <label>$INFO[ListItem.Year,, • ]$INFO[ListItem.Genre]</label>
		  <textcolor>textcolor4</textcolor>
        </control>
      </control>
      <control type="list" id="428">
        <left>20</left>
        <top>40</top>
        <width>460</width>
        <height>450</height>
        <onleft>noop</onleft>
        <onright>noop</onright>
        <pagecontrol>-</pagecontrol>
        <itemlayout height="42">
          <control type="label">
            <left>150</left>
            <top>0</top>
            <width>150</width>
            <height>45</height>
            <font>size28</font>
            <align>right</align>
            <aligny>center</aligny>
            <textcolor>Grey</textcolor>
            <selectedcolor>selected</selectedcolor>
            <info>ListItem.Label</info>
          </control>
          <control type="label">
            <left>171</left>
            <top>0</top>
            <width>279</width>
            <height>45</height>
            <font>size28</font>
            <aligny>center</aligny>
            <textcolor>Grey2</textcolor>
            <selectedcolor>Grey2</selectedcolor>
            <info>ListItem.Label2</info>
          </control>
        </itemlayout>
        <focusedlayout height="42">
          <control type="label">
            <left>150</left>
            <top>0</top>
            <width>150</width>
            <height>45</height>
            <font>size28</font>
            <align>right</align>
            <aligny>center</aligny>
            <textcolor>Grey</textcolor>
            <selectedcolor>selected</selectedcolor>
            <info>ListItem.Label</info>
          </control>
          <control type="label">
            <left>171</left>
            <top>0</top>
            <width>279</width>
            <height>45</height>
            <font>size28</font>
            <aligny>center</aligny>
            <textcolor>Grey2</textcolor>
            <selectedcolor>Grey2</selectedcolor>
            <info>ListItem.Label2</info>
          </control>
        </focusedlayout>
        <content>
          <item>
            <visible>!IsEmpty(ListItem.Property(Artist_Genre))</visible>
            <label>515</label>
            <label2>$INFO[ListItem.Property(Artist_Genre)]</label2>
            <onclick>noop</onclick>
          </item>
          <item>
            <visible>!IsEmpty(ListItem.Property(Artist_Formed))</visible>
            <label>21894</label>
            <label2>$INFO[ListItem.Property(Artist_Formed)]</label2>
            <onclick>noop</onclick>
          </item>
          <item>
            <visible>!IsEmpty(ListItem.Property(Artist_Disbanded))</visible>
            <label>21896</label>
            <label2>$INFO[ListItem.Property(Artist_Disbanded)]</label2>
            <onclick>noop</onclick>
          </item>
          <item>
            <visible>!IsEmpty(ListItem.Property(Artist_Born))</visible>
            <label>21893</label>
            <label2>$INFO[ListItem.Property(Artist_Born)]</label2>
            <onclick>noop</onclick>
          </item>
          <item>
            <visible>!IsEmpty(ListItem.Property(Artist_Died))</visible>
            <label>21897</label>
            <label2>$INFO[ListItem.Property(Artist_Died)]</label2>
            <onclick>noop</onclick>
          </item>
        </content>
      </control>
      <control type="scrollbar" id="60">
		<visible>Skin.HasSetting(Scrollbars_Active)</visible>
        <animation effect="fade" delay="200" time="300">VisibleChange</animation>
        <left>198</left>
        <top>1038</top>
        <width>1525</width>
        <height>9</height>
        <onup>500</onup>
        <ondown>500</ondown>
        <orientation>horizontal</orientation>
        <texturesliderbackground border="6">Scrollbar/HScrollbarBG.png</texturesliderbackground>
        <texturesliderbar border="6">Scrollbar/HScrollerNF.png</texturesliderbar>
        <texturesliderbarfocus border="6">Scrollbar/HScrollerFO.png</texturesliderbarfocus>
        <showonepage>false</showonepage>
      </control>
    </control>
    <control type="label">
      <description>Page Count Label</description>
      <left>40r</left>
      <top>50r</top>
      <width>500</width>
      <height>20</height>
      <font>font12</font>
      <textcolor>Grey</textcolor>
      <scroll>false</scroll>
      <align>right</align>
      <aligny>center</aligny>
      <label>$LOCALIZE[31000] ([COLOR=White]$INFO[Container.CurrentPage]/$INFO[Container.NumPages][/COLOR])</label>
    </control>
  </include>
</includes>
