<?xml version="1.0" encoding="UTF-8"?>
<window id="2">
  <backgroundcolor>Background</backgroundcolor>
  <defaultcontrol always="true">50</defaultcontrol>
  <allowoverlay>no</allowoverlay>
  <controls>
    <include>Background</include>
    <control type="group" description="List 50">
      <visible>Control.IsVisible(50)</visible>
      <control type="group" description="Thumbs">
        <top>40</top>
        <animation effect="fade" time="400">Visible</animation>
        <animation effect="fade" time="0">Hidden</animation>
        <control type="image" description="Thumb">
          <left>160</left>
          <width>660</width>
          <height>1000</height>
          <include>Icon_Fade</include>
          <texture fallback="PhotoFolder.png" background="true">$INFO[ListItem.Icon]</texture>
          <aspectratio aligny="center">keep</aspectratio>
        </control>
      </control>
      <control type="group" description="Slider and List">
        <include>SlimListItemCount</include>
        <left>1020</left>
        <top>131</top>
        <control type="fixedlist" id="50">
          <left>0</left>
          <top>0</top>
          <width>802</width>
          <height>891</height>
          <onleft condition="!Skin.HasSetting(ViewsMenuOff)">9000</onleft>
          <onright condition="Skin.HasSetting(Scrollbars_Active)">60</onright>
          <onup>50</onup>
          <ondown>50</ondown>
          <pagecontrol>60</pagecontrol>
          <viewtype label="535">List</viewtype>
          <focusposition>5</focusposition>
          <movement>5</movement>
          <preloaditems>2</preloaditems>
          <scrolltime tween="sine" easing="inout">280</scrolltime>
          <itemlayout width="802" height="81">
            <control type="image">
              <height>70</height>
              <width>805</width>
              <texture colordiffuse="77FFFFFF">images/White.png</texture>
            </control>
            <include>Arrow</include>
            <control type="label" description="Main Label">
              <include>52MainLabel</include>
              <label>$INFO[ListItem.Label]</label>
            </control>
          </itemlayout>
          <focusedlayout width="802" height="81">
            <control type="group">
              <animation effect="zoom" time="120" start="100" end="105" center="auto" tween="Back" easing="Out">Focus</animation>
              <control type="image">
                <top>12</top>
                <left>-50</left>
                <height>70</height>
                <width>905</width>
                <texture>shadow.png</texture>
              </control>
              <control type="image">
                <height>70</height>
                <width>805</width>
                <texture>images/White.png</texture>
              </control>
              <include>Arrow</include>
              <control type="label" description="Main Label">
                <include>52MainLabelFO</include>
                <label>$INFO[ListItem.Label]</label>
              </control>
            </control>
          </focusedlayout>
        </control>
      </control>
      <control type="scrollbar" id="60">
		<visible>Skin.HasSetting(Scrollbars_Active)</visible>
        <left>51r</left>
        <top>147</top>
        <height>882</height>
        <onleft>50</onleft>
        <onright>noop</onright>
      </control>
    </control>
    <control type="group">
      <visible>Control.IsVisible(53)</visible>
      <control type="group" description="Container and frame">
        <control type="panel" id="53" description="icons">
          <viewtype label="536">Icons</viewtype>
          <left>60</left>
          <top>150</top>
          <width>1800</width>
          <height>930</height>
          <orientation>vertical</orientation>
          <onup>noop</onup>
          <ondown>noop</ondown>
          <onleft condition="!Skin.HasSetting(ViewsMenuOff)">9000</onleft>
          <onright condition="Skin.HasSetting(Scrollbars_Active)">60</onright>
          <preloaditems>4</preloaditems>
          <pagecontrol>60</pagecontrol>
          <scrolltime>400</scrolltime>
          <itemlayout height="345" width="300">
            <control type="image">
              <visible>!StringCompare(ListItem.Label,..)</visible>
              <left>9</left>
              <top>11</top>
              <width>281</width>
              <height>281</height>
              <texture diffuse="images/diffusepic.png" background="true" fallback="PhotoFolder.png">$INFO[ListItem.Thumb]</texture>
              <aspectratio scalediffuse="false">scale</aspectratio>
            </control>
            <control type="image">
              <visible>StringCompare(ListItem.Label,..)</visible>
              <left>9</left>
              <top>11</top>
              <width>281</width>
              <height>281</height>
              <texture diffuse="images/diffusepic.png" >$INFO[ListItem.Icon]</texture>
              <aspectratio scalediffuse="false">scale</aspectratio>
            </control>
            <control type="label">
                <centerleft>150</centerleft>
                <top>290</top>
                <width>300</width>
                <height>45</height>
                <font>size27</font>
                <align>center</align>
				<textcolor>textcolor3</textcolor>
                <label>$INFO[ListItem.Label]</label>
            </control>			
          </itemlayout>
          <focusedlayout height="345" width="300">
            <control type="group">
              <animation effect="zoom" time="120" start="100" end="120" center="auto" tween="Back" easing="Out">Focus</animation>
              <control type="image">
                <visible>!StringCompare(ListItem.Label,..)</visible>
                <left>9</left>
                <top>11</top>
                <width>281</width>
                <height>281</height>
                <texture diffuse="images/diffusepic.png" background="true" fallback="PhotoFolder.png">$INFO[ListItem.Thumb]</texture>
                <aspectratio scalediffuse="false">scale</aspectratio>
              </control>
              <control type="image">
                <visible>StringCompare(ListItem.Label,..)</visible>
                <left>9</left>
                <top>11</top>
                <width>281</width>
                <height>281</height>
                <texture diffuse="images/diffusepic.png" >$INFO[ListItem.Icon]</texture>
                <aspectratio scalediffuse="false">scale</aspectratio>
              </control>
              <control type="label">
                <animation effect="fade" start="0" end="100" time="200" delay="100">Focus</animation>
                <centerleft>150</centerleft>
                <top>290</top>
                <width>320</width>
                <height>45</height>
                <font>size27</font>
                <align>center</align>
				<textcolor>textcolor4</textcolor>
                <label>[B]$INFO[ListItem.Label][/B]</label>
              </control>
              <!--control type="image" description="selection">
                <animation effect="fade" start="0" end="100" time="500" delay="50" reversible="false">Focus</animation>
                <animation effect="fade" start="100" end="0" time="50" reversible="false">unFocus</animation>
                <left>9</left>
                <top>11</top>
                <width>281</width>
                <height>281</height>
                <texture>images/picselection.png</texture>
              </control-->
            </control>
          </focusedlayout>
        </control>
      </control>
      <control type="image" description="Line Split">
        <left>82</left>
        <top>134</top>
        <width>1748</width>
        <height>1</height>
        <texture>images/LineL.png</texture>
        <aspectratio>stretch</aspectratio>
      </control>
      <control type="grouplist" description="Media Header">
        <left>82</left>
        <top>15</top>
        <width>930</width>
        <height>75</height>
        <align>left</align>
        <aligny>bottom</aligny>
        <orientation>horizontal</orientation>
        <control type="label" id="7777" description="Heading">
          <width min="60" max="930">auto</width>
          <height>75</height>
          <textcolor>textcolor2</textcolor>
          <font>size42</font>
          <label>$VAR[RootLabel]</label>
        </control>
        <control type="label" description="Number of files">
          <visible>!IsEmpty(Control.GetLabel(7777))</visible>
          <width min="60" max="120">auto</width>
          <height>81</height>
          <font>size26</font>
          <textcolor>Grey</textcolor>
          <label>$INFO[Container.NumItems,  (,)]</label>
        </control>
      </control>
      <control type="label" description="Media details">
        <left>82</left>
        <top>87</top>
        <width>1200</width>
        <textcolor>Silver</textcolor>
        <include>Genre51Commons</include>
        <label>$INFO[ListItem.label][COLOR=Grey]$VAR[TopLabel,  ][/COLOR]</label>
      </control>
      <control type="scrollbar" id="60">
	    <visible>Skin.HasSetting(Scrollbars_Active)</visible>
        <left>45r</left>
        <top>144</top>
        <height>900</height>
        <onleft>53</onleft>
        <onright>9000</onright>
      </control>
    </control>
    <control type="group" description="Side menu 9000 group">
      <include>menu9000</include>
    </control>
    <include>WindowsTopInfos</include>
  </controls>
</window>
