<?xml version="1.0" encoding="UTF-8"?>
<window id="502">
  <defaultcontrol always="true">50</defaultcontrol>
  <allowoverlay>no</allowoverlay>
  <views>50,52,53,501,500,510</views>
  <controls>
    <include>Background</include>
	<include>Musicviews</include>
    <control type="group" description="Side menu 9000 group">
        <include>menu9000</include>
    </control>
    <control type="group">
      <control type="label" description="Heading">
        <visible>IsEmpty(Container.FolderName) + !Control.IsVisible(500)</visible>
		<width>1920</width>
		<align>center</align>
        <textcolor>white</textcolor>
        <font>font33B</font>
        <label>2</label>
      </control>
      <control type="label" description="Clock">
        <visible>Skin.HasSetting(ShowClock)</visible>
        <right>50</right>
        <top>3</top>
        <width>500</width>
        <height>75</height>
        <align>right</align>
        <aligny>center</aligny>
        <font>font33B</font>
        <textcolor>White</textcolor>
        <label>$INFO[System.Time]</label>
      </control>
    </control>
  </controls>
</window>
