<?xml version="1.0" encoding="UTF-8"?>
<window id="7">
  <defaultcontrol always="true">9001</defaultcontrol>
  <backgroundcolor>Background</backgroundcolor>
  <allowoverlay>no</allowoverlay>
  <include>OpenClose</include>
  <controls>
    <include>Background</include>
    <!--control type="label" description="Heading">
      <include>Heading</include>
      <label>130</label>
    </control-->
    <control type="group">
	<control type="image">     
	    <top>0</top>
		<height>1080</height>
        <width>1920</width>
        <texture>Addonsetting/addonsettingbg.png</texture>
    </control>
	<control type="image">     
	    <top>0</top>
		<height>140</height>
        <width>1920</width>
        <texture colordiffuse="FFC5C9CA">images/white.png</texture>
    </control>
      <control type="grouplist" id="9001" description="TopHat">
        <top>43</top>
        <width>auto</width>
        <align>center</align>
        <height>80</height>
        <itemgap>3</itemgap>
        <onleft>noop</onleft>
        <onright>noop</onright>
        <onup>9001</onup>
        <ondown>9001</ondown>
        <orientation>horizontal</orientation>
        <control type="button" id="95" description="Summary">
		  <font>font37B</font>
		  <width>260</width>
		  <focusedcolor>White3</focusedcolor>
		  <textcolor>886C7071</textcolor>
	      <texturenofocus>keyboard/transparent.png</texturenofocus>
		  <texturefocus>keyboard/transparent.png</texturefocus>
          <label>20037</label>
        </control>
        <control type="button" id="94" description="Storage">
		  <font>font37B</font>
		  <width>260</width>
		  <focusedcolor>White3</focusedcolor>
		  <textcolor>886C7071</textcolor>
	      <texturenofocus>keyboard/transparent.png</texturenofocus>
		  <texturefocus>keyboard/transparent.png</texturefocus>
          <label>13277</label>
        </control>
        <control type="button" id="96" description="Network">
		  <font>font37B</font>
		  <width>260</width>
		  <focusedcolor>White3</focusedcolor>
		  <textcolor>886C7071</textcolor>
	      <texturenofocus>keyboard/transparent.png</texturenofocus>
		  <texturefocus>keyboard/transparent.png</texturefocus>
          <label>13279</label>
        </control>
        <control type="button" id="97" description="Video">
		  <font>font37B</font>
		  <width>260</width>
		  <focusedcolor>White3</focusedcolor>
		  <textcolor>886C7071</textcolor>
	      <texturenofocus>keyboard/transparent.png</texturenofocus>
		  <texturefocus>keyboard/transparent.png</texturefocus>
          <label>13280</label>
        </control>
        <control type="button" id="98" description="Hardware">
		  <font>font37B</font>
		  <width>260</width>
		  <focusedcolor>White3</focusedcolor>
		  <textcolor>886C7071</textcolor>
	      <texturenofocus>keyboard/transparent.png</texturenofocus>
		  <texturefocus>keyboard/transparent.png</texturefocus>
          <label>13281</label>
        </control>
      </control>
      <control type="grouplist" description="Stage">
        <left>250</left>
        <top>200</top>
        <width>1420</width>
        <height>860</height>
        <itemgap>9</itemgap>
        <control type="label" id="21">
          <description>CPU Text</description>
          <width>1420</width>
          <font>font26</font>
		  <textcolor>Grey4</textcolor>
          <label>$LOCALIZE[13271] $INFO[System.CPUUsage]</label>
        </control>
        <control type="progress" id="22" description="CPU BAR">
          <width>1420</width>
          <height>15</height>
          <texturebg border="0,5,5,0">MusicOSD/ProgressBG.png</texturebg>
          <midtexture border="0,5,0,5">MusicOSD/ProgressM.png</midtexture>
          <righttexture border="0,5,6,5">MusicOSD/ProgressR.png</righttexture>
          <lefttexture border="6,5,0,5">MusicOSD/ProgressL.png</lefttexture>
          <overlaytexture>-</overlaytexture>
          <info>System.CPUUsage</info>
        </control>
        <control type="label" id="23">
          <description>Memory Text</description>
          <width>1420</width>
          <font>font26</font>
		  <textcolor>Grey4</textcolor>
          <label>$LOCALIZE[31021] $INFO[system.memory(used.percent)]</label>
        </control>
        <control type="progress" id="24">
          <description>Memory BAR</description>
          <height>15</height>
          <width>1420</width>
          <texturebg border="0,5,5,0">MusicOSD/ProgressBG.png</texturebg>
          <midtexture border="0,5,0,5">MusicOSD/ProgressM.png</midtexture>
          <righttexture border="0,5,6,5">MusicOSD/ProgressR.png</righttexture>
          <lefttexture border="6,5,0,5">MusicOSD/ProgressL.png</lefttexture>
          <overlaytexture>-</overlaytexture>
          <info>system.memory(used)</info>
        </control>
        <control type="label" id="2">
          <description>Label 2</description>
          <height>45</height>
          <width>1420</width>
          <font>font27</font>
		  <textcolor>Grey4</textcolor>
        </control>
        <control type="label" id="3">
          <description>Label 3</description>
          <height>45</height>
          <width>1420</width>
          <font>font27</font>
		  <textcolor>Grey4</textcolor>
        </control>
        <control type="label" id="4">
          <description>Label 4</description>
          <height>45</height>
          <font>font27</font>
          <width>1420</width>
		  <textcolor>Grey4</textcolor>
        </control>
        <control type="label" id="5">
          <description>Label 5</description>
          <height>45</height>
          <width>1420</width>
          <font>font27</font>
		  <textcolor>Grey4</textcolor>
        </control>
        <control type="label" id="6">
          <description>Label 6</description>
          <height>45</height>
          <width>1420</width>
          <font>font27</font>
		  <textcolor>Grey4</textcolor>
        </control>
        <control type="label" id="7">
          <description>Label 7</description>
          <height>45</height>
          <width>1420</width>
          <font>font27</font>
		  <textcolor>Grey4</textcolor>
        </control>
        <control type="label" id="8">
          <description>Label 8</description>
          <height>45</height>
          <width>1420</width>
          <font>font27</font>
		  <textcolor>Grey4</textcolor>
        </control>
        <control type="label" id="9">
          <description>Label 9</description>
          <height>45</height>
          <width>1420</width>
          <font>font27</font>
		  <textcolor>Grey4</textcolor>
        </control>
        <control type="label" id="10">
          <description>Label 10</description>
          <height>45</height>
          <width>1420</width>
          <font>font27</font>
		  <textcolor>Grey4</textcolor>
        </control>
        <control type="label" id="11">
          <description>Label 11</description>
          <height>45</height>
          <width>1420</width>
          <font>font27</font>
		  <textcolor>Grey4</textcolor>
        </control>
        <control type="label" id="52" description="KODI BUILD">
          <width>1420</width>
          <align>center</align>
          <font>font27</font>
		  <textcolor>Grey4</textcolor>
        </control>
      </control>
    </control>
  </controls>
</window>
